,count,opass,centroid_lon,centroid_lat,VEL_N_noTI,VEL_E_noTI,RMSE_VEL_N_noTI,RMSE_VEL_E_noTI,VEL_N_noT,VEL_E_noT,RMSE_VEL_N_noT,RMSE_VEL_E_noT,ITRF_N,ITRF_E,ITRF_RMSE_E,ITRF_RMSE_N
0,3,"['D', 'D', 'A']",25.183699999999988,40.9549,7.563237335425355,30.740235679377435,1.5091295156653066,8.518266458861468,9.304336628572504,23.07628159144873,1.3944831623457006,7.871725474955149,13.773333333333332,24.11083333333333,0.1585783763609508,0.1168673222697121
1,2,"['A', 'D']",27.433699999999988,36.4549,-11.775737209293029,11.083743630676354,2.3656046684141625,13.276133590519994,-9.270050977406552,-7.371096950823615,2.3939684126339253,13.435307730411273,13.384,25.024799999999995,0.1256025477448606,0.1238951169336386
2,2,"['D', 'A']",27.433699999999988,38.7049,8.165790646512233,-28.128228362976365,3.493637574781423,19.681570084881205,8.79844316900198,-27.06393796938909,3.401967669362653,19.165196413228934,13.382,24.7708,0.1371106609032771,0.1227124008946664
3,4,"['A', 'A', 'D', 'D']",29.683699999999988,36.4549,8.336093841961109,-16.34584516219534,4.05868339684624,22.73993884418487,7.348563854776423,-12.430399066674754,3.970599421709696,22.24869313183725,11.4492,22.2648,8.39199177787967,4.316898886932609
4,2,"['D', 'A']",29.683699999999988,40.9549,13.797054984112744,-27.52152973738362,4.797857821025995,27.045715712423696,12.342699610218316,-23.300156289051813,4.539277784202129,25.585817055223043,12.99,24.7952,0.1438784208976457,0.1299038105676656
5,2,"['D', 'A']",31.933699999999988,38.7049,5.676423581751035,-5.451941088343636,2.81266955835398,15.813059180718334,6.944226333190168,-16.63176193556544,2.775477651384055,15.603643987012676,12.568,25.402800000000003,0.1263434472644572,0.1371434771811377
6,2,"['A', 'D']",34.18369999999999,34.2049,3.2786203685194435,93.57375211428722,4.723152942294481,26.0001133972394,3.244613802672606,98.54880276966124,4.817324352477861,26.509445542536326,2.934400000000001,6.2336,11.321550939101352,5.329727228792608
7,2,"['A', 'D']",34.18369999999999,38.7049,15.28606791135879,28.68242547502408,2.4455669253556094,13.755704837495914,15.19349165642186,31.696875274805706,2.3055727216334807,12.968021975739848,12.139999999999995,25.696400000000004,0.1207918319534338,0.1443375672974067
8,2,"['D', 'A']",34.18369999999999,40.9549,3.810352971640568,-40.39306640648688,4.226209823136877,23.794595899839678,4.1656276980039,-40.15656667915399,4.150018577043061,23.36495003548152,12.139999999999995,25.4388,0.1337073919671858,0.1443375672974067
9,3,"['A', 'D', 'D']",38.68369999999999,34.2049,16.351036610943897,56.33289150225288,3.1736867114636693,17.669483467928288,16.373687717134054,58.59567262484733,3.1277633568554086,17.414218168757284,25.4748,22.9856,0.6038148170866078,0.3187360454461755
10,2,"['D', 'A']",38.68369999999999,36.4549,20.207757642252837,12.23798279333802,3.4660586460327703,19.46116494548165,20.105192872707327,15.238969747956912,3.335308629646973,18.72687894031687,25.469999999999995,21.13,0.6173329733620263,0.317542648054294
11,2,"['D', 'A']",38.68369999999999,38.7049,1.7575446736895697,0.4376589342673591,7.710490780472629,43.41836940763166,1.6082213636240716,-0.5624251410456157,7.296244821377603,41.08617190225264,16.4128,23.9732,3.049142939690868,7.029853910288606
12,2,"['D', 'A']",40.93369999999999,31.9549,20.15525658688919,80.66907346979623,4.664378871547531,25.878974300289368,20.71300386948861,79.6423324058443,4.840368518769041,26.855385180472496,26.47,25.2736,0.5806740336310324,0.3039873900893476
13,2,"['A', 'D']",40.93369999999999,34.2049,14.620378519333004,7.347990096894806,2.66687411321192,14.86117773576112,17.7880667643612,-9.76303548292498,2.616779657768192,14.582254025013702,26.468,23.5668,0.595222087403797,0.3060092591191756
14,4,"['A', 'A', 'A', 'D']",40.93369999999999,38.7049,21.66386134416797,61.70200131678296,1.0938213659800708,6.156226882078255,23.21390536625243,59.014661030669565,1.043051324804385,5.870601965250562,22.7064,21.7124,2.7419325301691866,6.864669741995362
15,2,"['D', 'A']",40.93369999999999,43.2049,10.37787975476763,39.33322687372373,1.6283914818508487,9.196170979947508,12.07969875197817,37.67182993157406,1.595898757879258,9.01256925585026,10.71,26.0748,0.1264291633023543,0.158771324027147
16,2,"['A', 'D']",43.18369999999999,31.9549,24.747741412665217,57.66783759131826,2.1749804891363307,12.022841551837107,25.16623048104725,56.100478650209865,1.962957134782766,10.852093054855803,27.3816,25.8156,0.5723058622799525,0.2918858224260531
17,3,"['D', 'A', 'D']",43.18369999999999,34.2049,20.567695091742152,69.62880261075962,1.1445482432198313,6.364555881252372,24.71443136994108,51.46851365909209,1.1107185559216812,6.1762636294433335,27.378,24.1424,0.5881204525151853,0.2915761764387943
18,3,"['D', 'A', 'A']",43.18369999999999,36.4549,21.43766743353434,61.90673674221023,2.73541975478604,15.338296003137865,20.977481531278297,68.88674221009137,2.658139466458095,14.904619863092613,27.3764,22.3544,0.6018587874244254,0.2927296819023769
19,2,"['D', 'A']",43.18369999999999,38.7049,14.593661923032334,53.92532129314659,2.4027940145312945,13.530949562341826,14.784019381995812,59.4650529084913,2.3310979144954564,13.127156168930954,18.364,23.984,2.9909669562423007,8.721900117902445
20,3,"['D', 'A', 'A']",43.18369999999999,40.9549,11.55797629427502,36.98884596324413,1.5053525771982186,8.499274977138326,13.111056829772249,34.72877873514271,1.48911280867747,8.407403277018446,10.2172,26.5832,0.109761863443851,0.1648615580823294
21,3,"['D', 'A', 'D']",43.18369999999999,43.2049,7.402264886614691,48.05268890050167,1.634607607978926,9.222722560071364,8.7488108505714,46.20901506347277,1.6381063534399083,9.2424294404731,10.216,26.348,0.1204851304795184,0.1631206097748941
22,4,"['A', 'D', 'D', 'D']",45.43369999999999,34.2049,17.816368737856713,107.91095561691668,1.3337211494694057,7.446098565119978,22.57931977861869,85.29172191192922,1.2619623466957888,7.044056632970639,28.2876,24.7636,0.5774576463545472,0.27743287476433
23,2,"['A', 'D']",45.43369999999999,36.4549,21.01744005097352,54.64118674119484,1.1941389896122756,6.695086399963011,24.138133593632837,39.74745935012549,1.163541705952735,6.522602409921586,17.002,25.6168,1.9945461472057584,9.24407377729105
24,4,"['A', 'A', 'D', 'D']",45.43369999999999,38.7049,14.605673418561013,56.77160637219176,0.8417096286982951,4.752179050375106,16.843685831579798,52.40272656473228,0.8136778149359921,4.593829081528918,9.6852,27.0356,0.0930537479094743,0.168896417960832
25,3,"['A', 'D', 'A']",45.43369999999999,40.9549,7.423651242351087,56.17839770664956,0.9448705311396104,5.328854043343092,9.756524433984334,53.312698829807005,0.9158935074335676,5.165047740514576,9.684,26.844,0.1038829469483157,0.1688934575405456
26,3,"['D', 'A', 'A']",47.68369999999999,31.9549,17.197698636351916,49.86459908699599,1.4113871892049117,7.816768474885638,20.04793508239053,39.20074047348908,1.34842381546025,7.467369864640622,28.2952,27.022800000000004,0.560598787012601,4.044354212973933
27,2,"['D', 'A']",47.68369999999999,36.4549,17.36604072295446,45.47774228795096,2.905973864644911,16.288960439520572,20.03095514251607,37.76364699811516,2.8915275600558177,16.20838501890244,9.159999999999998,27.3912,0.0773153714772599,0.1732050807568879
28,2,"['D', 'A']",47.68369999999999,38.7049,11.844435727833256,85.71297050356335,2.115662503420135,11.908962238517558,14.047523697616054,79.74925904710727,2.075825770653217,11.68459634512629,9.159999999999998,27.2608,0.0863095205254514,0.1732050807568879
29,2,"['D', 'A']",47.68369999999999,40.9549,7.476049180979528,74.07288400491417,1.6266510133739098,9.183538829413116,8.483887225422249,72.47709977773776,1.556131806234317,8.785034161855302,9.1596,27.0788,0.0989663242387699,0.173792980295523
30,2,"['D', 'A']",47.68369999999999,43.2049,7.909816867834492,26.75217323056721,2.0253658549423648,11.4421924129691,9.315612605285937,23.917362390930027,1.9830137476071616,11.202323757130998,9.158,26.865600000000004,0.110078759682935,0.1761154924095739
31,3,"['A', 'D', 'D']",49.93369999999999,31.9549,20.34058690000074,39.52756268840691,1.111770829096514,6.161709805507174,22.146830723943054,30.30085842979746,1.0195843538935965,5.651289481783533,12.771600000000005,27.75,0.1442220510185601,8.620668322893147
32,2,"['A', 'D']",49.93369999999999,34.2049,17.62726228320052,29.97463656531496,1.293984499043418,7.223096825020384,19.566537050930712,22.6541780410447,1.2536996036755983,6.998060833256613,8.597199999999999,27.685600000000004,0.0631849138112359,0.1792930561957155
33,2,"['A', 'D']",49.93369999999999,36.4549,19.555544931041997,17.724835791250786,1.46207762446477,8.198889680245061,21.166027686835864,13.358732062437712,1.410546998170093,7.909919438434626,8.596,27.6012,0.0720138875495556,0.177552809045647
34,3,"['D', 'A', 'A']",49.93369999999999,38.7049,11.648679609192254,91.3734751639336,1.0788556577054127,6.069511735486432,14.173278535675674,82.6644256948872,1.0654576732196446,5.994335063826952,8.596,27.4808,0.0817475789651692,0.177552809045647
35,2,"['A', 'D']",52.18369999999999,27.4549,22.891231856760257,26.50837673471617,2.542507019181323,13.84664702040426,24.04449491401402,22.541310458674328,2.2119221604703183,12.044114722287931,22.4056,30.0504,1.722022744720096,11.11171569410713
36,4,"['A', 'A', 'D', 'A']",52.18369999999999,29.7049,20.54844799523721,46.944930749276864,1.2340330781415243,6.7728076577887775,24.46195050934104,26.03981341560054,1.1932986820971812,6.548766247807905,8.928,27.9692,0.4609764997625514,4.466366905364285
37,3,"['A', 'D', 'D']",52.18369999999999,31.9549,15.322465840125028,39.91679041038138,1.114208572646368,6.180296502411499,18.46451968320615,26.80129183317085,1.0004450445569055,5.549323233015142,8.046,27.8904,0.0527162214123889,0.1833257574192274
38,4,"['A', 'A', 'D', 'D']",54.43369999999999,27.4549,19.107606592086967,23.1045556977541,1.3919518232144827,7.559349309252113,22.695409989710065,3.988862821470516,1.2848418895918912,6.977117516896051,10.3,28.485599999999994,1.4273987996819018,7.900455155664556
39,3,"['D', 'A', 'D']",54.43369999999999,29.7049,15.169981917176507,34.22087413793749,1.2338650290614814,6.778226255345532,19.771309580412844,10.77395156804512,1.2296064880466708,6.75490175339634,7.46,28.0268,0.0492205918967524,0.1876388374866282
40,3,"['A', 'A', 'D']",54.43369999999999,31.9549,13.134344066234634,40.16723580601778,1.7940696480103084,9.933259329773398,17.23587612671083,25.55080474290104,1.7689786423648286,9.79358848496063,7.4588,28.053600000000003,0.048638119481192,0.1859283015932036
41,2,"['A', 'D']",54.43369999999999,34.2049,9.473947301805191,70.33670019330889,1.539871093282092,8.573724389281393,13.263503133971112,53.53680747678701,1.4813504169450464,8.24855899075612,7.4572,28.0356,0.0547783412186484,0.1841991675695992
42,2,"['A', 'D']",56.68369999999999,25.2049,18.65788866583192,29.326869560005296,2.440007421917599,13.171064731505574,25.838347810502068,-9.27173351165886,2.737531001343811,14.781726485819249,28.998800000000003,33.0696,1.9374693115849173,8.387605597944306
43,4,"['A', 'A', 'A', 'D']",56.68369999999999,27.4549,18.8056886904452,40.41530064051342,1.7891450206112398,9.735108068590003,21.353471091023305,27.12059661309973,1.7663573361012277,9.609764756989913,6.882000000000001,28.086,0.0506622805119022,0.1905474569059722
44,2,"['A', 'D']",56.68369999999999,29.7049,17.115865040960355,38.49747989432052,1.4979660724410662,8.21995863885481,19.101959549425217,26.8629794862657,1.326158431594079,7.275978828799556,6.8804,28.1628,0.0464147964913489,0.1882259280758098
45,3,"['A', 'A', 'D']",56.68369999999999,31.9549,13.397035622756828,40.82145609489124,1.4515055101916512,8.029672349458354,17.84533939019799,17.02278049873834,1.4080852058571642,7.787022396350962,6.88,28.1972,0.0443959457608465,0.1876388374866282
46,2,"['A', 'D']",56.68369999999999,34.2049,11.277516421114168,46.19939237628084,1.438383269621054,8.018648488947859,15.373272246479807,29.972002156344235,1.3811864167666912,7.70044034888474,6.878800000000001,28.187600000000003,0.0498564606311627,0.1893920096871387
47,2,"['D', 'A']",56.68369999999999,36.4549,2.9977774354610007,8.849309848130172,4.3815954673253925,24.54989939931202,5.073664792995234,-5.512632727615099,4.363883628494643,24.45067057943077,6.878000000000001,28.1352,0.0559106429939775,0.1905474569059719
48,2,"['D', 'A']",56.68369999999999,38.7049,1.0285331195472764,27.96276504097445,3.628272190151441,20.38568374143084,2.164634100523223,17.026507517084234,3.585773990430972,20.14701479060929,6.878000000000001,28.0424,0.0654650033733037,0.1905474569059719
49,2,"['D', 'A']",56.68369999999999,40.9549,-1.7313880296509998,0.0939521566785354,5.976531042873287,33.65404033101434,-0.9715484725038224,-7.84032818396075,5.948180529905384,33.494405321472534,6.8776,27.9012,0.0759012516365842,0.1908376273170464
50,3,"['A', 'D', 'D']",58.93369999999999,25.2049,20.561388358567065,37.70226521969943,1.5913157870482604,8.591463953562037,26.17903136763927,7.24443035168249,1.6990861115138602,9.174089822249432,24.1944,32.4176,3.012717875938601,12.585978335698288
51,2,"['D', 'A']",58.93369999999999,27.4549,15.508723450761057,35.768290394512654,2.267651796889165,12.375184683159892,14.182874237699188,44.89756491966277,2.127360369427633,11.606981801884205,6.2688,28.206,0.0499165971062403,0.1943004546229028
52,2,"['D', 'A']",58.93369999999999,29.7049,14.068903296750754,24.68816137522708,2.072539282000829,11.40438981100741,13.236433938359973,30.2381138186287,1.888091248828122,10.387676751489977,6.268,28.290800000000004,0.044433470867504,0.1948717526990508
53,3,"['A', 'A', 'D']",58.93369999999999,31.9549,12.838848086908705,57.973800151931165,1.1135897776603698,6.1604528000845376,16.959059554850967,37.0736527609567,1.071490615931647,5.927769219014474,6.268,28.3344,0.0424342628858644,0.1948717526990508
54,2,"['A', 'D']",58.93369999999999,34.2049,12.028004392751736,61.44027988330121,1.3492267661662387,7.51963976301025,15.273741810903132,45.762737341648055,1.3241454429696902,7.380567937013336,6.2672,28.3348,0.0447325384926898,0.1937248908461
55,3,"['A', 'D', 'D']",58.93369999999999,36.4549,2.331192895459236,41.2338787588647,3.155783071786074,17.67496123402974,4.12318020922702,29.04008325104506,3.108826613758338,17.412218480372534,6.265999999999999,28.291200000000003,0.0514230817175838,0.1919852424884094
56,2,"['A', 'D']",58.93369999999999,38.7049,14.76403944016946,82.43881667538076,2.585727520960947,14.539695380212155,17.00105676474312,77.45190147436587,2.4868531984979256,13.983470063683836,6.265999999999999,28.2052,0.0601470420441991,0.1919852424884094
57,5,"['D', 'D', 'A', 'A', 'A']",61.18369999999999,25.2049,12.908457532233903,48.21583542942799,1.2408976588880032,6.69457666470837,16.103360662176243,30.33020596489206,1.2551233031677227,6.771465069823476,19.9688,31.7732,3.4909964193622427,14.05173397366555
58,2,"['D', 'A']",61.18369999999999,27.4549,5.86832777561998,23.26460255220332,3.118030869989583,16.950984025905832,12.067474577259537,-9.4101996402235,3.3176919703325303,18.038566043494875,5.674,28.3112,0.0496084670192496,0.1977582699492825
59,2,"['D', 'A']",61.18369999999999,29.7049,5.740222620854895,55.119491352565326,1.4997574319097144,8.227596694954949,12.445063844274566,21.810786382973006,1.398618891355182,7.672116725985196,5.6732000000000005,28.4036,0.0421188793773053,0.196611291639112
60,3,"['D', 'A', 'D']",61.18369999999999,31.9549,8.74879105599317,35.71724121958555,1.2687159994489652,7.026818483487777,13.804939662267406,13.480599606677762,1.1759063070904472,6.513374977334284,5.672000000000001,28.4564,0.0383927076409046,0.1948717526990507
61,3,"['A', 'A', 'D']",61.18369999999999,34.2049,6.399974702585547,38.5537918444973,1.1918767964945436,6.648620875124256,9.692069481231728,22.380123480065244,1.1723021090201733,6.539946234399076,5.671600000000001,28.4628,0.0401580211995892,0.1951640335717623
62,2,"['A', 'D']",61.18369999999999,36.4549,8.4288076256309,39.60769635220521,1.584359192350939,8.87030186855776,10.850024259922828,29.664590690794597,1.5236658931179856,8.530842539200377,5.670000000000001,28.426,0.047258156262526,0.196320316489829
63,2,"['A', 'D']",61.18369999999999,38.7049,3.984090123946834,56.23903710839,1.5752330543884625,8.84757745910597,6.103325675096046,50.397945477767706,1.5098247535581517,8.480435140879234,5.670000000000001,28.347600000000003,0.0544120084785213,0.196320316489829
64,3,"['A', 'D', 'D']",63.43369999999999,25.2049,11.624946858526265,63.917021583038654,1.6709974578306792,9.01349326081305,19.21455087863914,24.19844314740657,2.084595715402348,11.244628070699038,19.9956,32.1288,3.757333185474329,14.63025776715275
65,2,"['A', 'D']",63.43369999999999,27.4549,7.164977763435297,69.04031155013212,1.491764422283922,8.115393886516694,16.654488530411182,28.179886147539797,1.619797278640291,8.813112116202952,5.040000000000001,28.408,0.0497493718553313,0.202072594216369
66,2,"['A', 'D']",63.43369999999999,29.7049,3.169569814478359,65.73411916535485,1.3575899156352589,7.44098818198428,9.353570352419514,35.94556053184909,1.3431321958755065,7.361502485899584,5.040000000000001,28.5084,0.0405873543524749,0.202072594216369
67,2,"['A', 'D']",63.43369999999999,31.9549,4.627450825027569,59.42854994411981,1.1675837140615173,6.445155420711541,11.196419599408122,27.206178119544667,1.154028785743134,6.369997251125784,5.040000000000001,28.568,0.0349999999999997,0.202072594216369
68,3,"['D', 'A', 'D']",63.43369999999999,34.2049,1.3650132522549232,69.38946133759066,1.347138973284908,7.496234099898398,4.912402667055201,53.43236483700491,1.224321010389702,6.813736832398915,5.040000000000001,28.5832,0.0346073209981161,0.202072594216369
69,3,"['D', 'D', 'A']",63.43369999999999,36.4549,2.9064468841951,26.812315894163955,1.246693732582098,6.982656988949952,5.532201936696171,17.13861455819769,1.1624235460564043,6.510661079171893,5.0396,28.5524,0.0415611998543515,0.2015043423849719
70,2,"['D', 'A']",63.43369999999999,38.7049,3.3782642570118213,35.57126984619636,1.5850760943624078,8.911833691782673,5.074756301138525,24.76529226751664,1.5475099924142244,8.700330565041082,5.038,28.4812,0.0495244047583276,0.1992067602601208
71,4,"['D', 'D', 'A', 'D']",65.68369999999999,25.2049,15.05051356639847,42.20459367665735,1.7896259585169698,9.650952641627814,18.936510659245226,20.9732965373044,1.6768552090368125,9.042982016091978,25.181200000000004,33.35999999999999,3.206924799035155,13.15740961081119
72,2,"['D', 'A']",65.68369999999999,27.4549,2.807501840945257,37.63849469805693,1.6791167879753095,9.146517707658203,9.15643686889822,4.69908801367258,1.7031202801469163,9.277730817374,13.5528,30.047200000000004,2.353308876171309,13.41416649168582
73,3,"['D', 'A', 'A']",65.68369999999999,29.7049,5.798153653779009,40.577836703312585,1.3471668059874808,7.405337147685845,11.184967920692731,13.764972095833771,1.2718361120419637,6.991243529184359,12.418,29.6412,1.7354618021341377,12.921348936288863
74,2,"['D', 'A']",65.68369999999999,31.9549,4.924329602871311,49.85212376908932,2.129301298678471,11.808902360820232,9.298778473422896,26.371484551578146,2.033190767390901,11.27790684160653,5.574,28.7768,0.5640975093013618,5.6649713150200505
75,3,"['A', 'D', 'D']",65.68369999999999,34.2049,7.415812138061251,59.00353231480891,1.4003070840567589,7.803773995413062,11.611632675827202,38.13636060661548,1.322121129697233,7.367093352353936,4.43,28.684,0.0314907393794851,0.2020725942163689
76,3,"['A', 'A', 'D']",65.68369999999999,36.4549,4.3762730134149646,56.343379104602654,1.1648886629973907,6.525563878968214,7.375599461113285,45.045610628829735,1.1382837982749474,6.376088296563959,4.43,28.66,0.036514837167011,0.2020725942163689
77,2,"['A', 'D']",65.68369999999999,38.7049,2.142781830967015,54.98113323305355,2.65035352156765,14.906288277893465,3.4734531479509214,52.9135894201416,2.5994016201743158,14.619726577860948,4.43,28.5944,0.0450074067978445,0.2020725942163689
78,2,"['A', 'D']",67.93369999999999,25.2049,23.272291525230926,51.035099322747634,2.2727132844412505,12.256024369242672,30.97502245595597,11.970018217492198,2.247448414431946,12.1205022023904,33.069599999999994,35.1592,0.4269164633352371,0.1686337253734638
79,3,"['A', 'D', 'D']",67.93369999999999,27.4549,16.044082041469398,21.011578764053077,2.141421597976484,11.655113844010195,19.391281454327952,-0.9120712479913216,2.414104267725234,13.138593412086164,33.066,33.89000000000001,0.4490731195102496,0.1686218649325558
80,2,"['A', 'D']",67.93369999999999,29.7049,6.80146753363902,13.38033976942626,2.652976035058908,14.616463826889092,6.88722835759353,18.659900122158582,2.471581936811253,13.615624891468974,33.0632,32.6252,0.4699921985168128,0.1660250985042119
81,3,"['A', 'A', 'D']",67.93369999999999,31.9549,-0.0432112263050032,32.7313826772874,2.046599369764643,11.343318146236856,2.766894036672052,19.714108658815917,1.975655657507964,10.949205723599556,26.1144,30.794,1.2229677019447405,12.703426729298936
82,2,"['A', 'D']",67.93369999999999,34.2049,3.3060901303173016,40.36976689804243,1.9959062675821704,11.12307486650677,6.442537555025572,24.84751156123869,1.960740995394593,10.926985818684582,7.3444,29.0004,0.6325245713277337,9.76522788605912
83,3,"['D', 'D', 'A']",67.93369999999999,36.4549,2.2437972255716248,57.7379839264607,1.223900768675338,6.855674280921381,5.649407214737873,45.75891975413666,1.1692286923265176,6.54925029920589,3.78,28.758,0.0312249899919919,0.2020725942163688
84,2,"['D', 'A']",70.18369999999999,25.2049,27.7266955913074,74.06260952822501,4.177297895636843,22.61048438204617,32.8975668209755,45.01744688217755,4.230211372759447,22.895498259760007,33.555200000000006,35.697199999999995,0.4152160080407951,0.1521819086926327
85,3,"['D', 'D', 'A']",70.18369999999999,27.4549,20.331054501015668,51.55269949318812,1.6126462279947515,8.788643591860716,26.17915080258752,20.456960574172616,1.6923619199306243,9.222149986768608,33.5536,34.4732,0.4371948459592511,0.1515992524167998
86,2,"['D', 'A']",70.18369999999999,29.7049,12.587458000953951,60.96422971262714,2.654382524910472,14.608245751967017,19.8988135095352,26.324520616356324,2.623258813874662,14.436474718140287,33.5512,33.2512,0.4586058583722342,0.151583860178668
87,2,"['A', 'D']",70.18369999999999,31.9549,14.440252315134538,39.41346432351929,1.994555007758616,11.067617374747432,18.12984456437272,22.291601380769603,2.059403946427545,11.427337644170048,33.5444,31.9216,0.4805958107738071,0.1521808135081428
88,2,"['A', 'D']",70.18369999999999,34.2049,9.932246011781464,50.910428336858125,1.948096798069382,10.863235464475858,13.620733676445838,39.0293537409576,1.93714205123698,10.802195166528756,18.928800000000003,29.9276,1.083759967274427,15.500373199808232
89,2,"['A', 'D']",70.18369999999999,36.4549,3.110759344513523,20.54663019467706,2.145859777361437,12.029534609374432,5.8020600135828815,11.364035690014727,2.1098326159890046,11.827597109384024,3.158,28.8352,0.0277067982030885,0.2049796737890531
90,2,"['A', 'D']",72.43369999999999,25.2049,20.6103527344882,25.43338714139714,4.902409264125068,26.447434997938565,16.908792460560946,44.7154830869492,5.037710662311064,27.17952817778083,34.014,36.2676,0.4002528367586334,0.1365955099310862
91,3,"['D', 'A', 'A']",72.43369999999999,27.4549,22.37813297857268,54.76904923618822,1.948892879783416,10.607507944830104,26.43347157913567,28.099875275102445,2.2052659869741245,12.00428955291784,34.0092,35.092000000000006,0.423546534239942,0.1340062187611698
92,2,"['D', 'A']",72.43369999999999,29.7049,19.922842943459894,68.93627263402104,2.397249906268674,13.15896117337636,25.04350412145076,43.14638537718034,2.230351477088964,12.246412240056689,34.00639999999999,33.9164,0.4458314330177567,0.1339738780509094
93,3,"['D', 'D', 'A']",72.43369999999999,31.9549,20.38577107179236,42.72783058836315,1.3078630787847858,7.23898411725185,24.296700142020736,22.21113953952861,1.3360114153059182,7.395359218184401,34.001999999999995,32.632,0.4689882727744907,0.1363207003111897
94,2,"['D', 'A']",72.43369999999999,34.2049,19.404234644972806,49.37056352187138,1.3500299887505691,7.530488243128739,22.74631450233835,33.23381299210292,1.3333657935534875,7.43718931059444,15.099199999999998,30.0688,1.4508340130191784,15.750047068712735
95,4,"['D', 'D', 'A', 'A']",72.43369999999999,36.4549,12.167946907652237,39.90138862217425,1.3366232173572286,7.494580553386756,14.411788574431364,32.62471190680004,1.3313810546429976,7.465314339209311,2.5000000000000004,28.9028,0.0220831761000696,0.2078661428259382
96,2,"['D', 'A']",74.68369999999999,29.7049,10.776003181709475,-45.03347460083988,6.317200839863454,34.64346343626978,15.028177053576952,-68.5147737316229,6.502970030655807,35.66214900338561,34.3904,34.5596,0.4350524872548899,0.1172774488126332
97,2,"['A', 'D']",74.68369999999999,34.2049,18.7724106317974,40.76712706864042,2.5424564229571747,14.195857901580888,19.49878003093132,35.612485060487735,2.474301225507716,13.816543782333058,9.6268,29.7948,1.5133134727037445,14.161844489095808
98,3,"['D', 'A', 'D']",74.68369999999999,38.7049,8.680253022464292,20.643338076135542,0.8729928153388613,4.919357830207379,10.689565574623238,16.02312770251003,0.8735050380870375,4.922224910173934,1.868,28.9012,0.0275862284482677,0.2093044035211236
99,3,"['A', 'D', 'A']",76.93369999999999,29.7049,20.72624877959137,4.104242146183784,2.666473322356329,14.617262977985826,20.00564810322827,5.224338166938002,2.6936115389161337,14.766527263455467,34.7396,35.239200000000004,0.4237326200958968,0.1004771947591427
100,3,"['A', 'A', 'D']",76.93369999999999,31.9549,17.29479326268312,23.129845996825157,2.2610505979164235,12.564067091684404,19.08649176511189,12.121133797561852,2.261096758978351,12.56684986153012,13.188400000000003,30.8284,2.543405984108711,16.435615970608872
101,2,"['A', 'D']",76.93369999999999,34.2049,17.621031165863336,59.863629033711405,1.533311966360235,8.575148213362734,21.60954113553944,39.13462700043132,1.4974598181463676,8.375611684399345,1.202,28.9948,0.0108474267301827,0.2093044035211236
102,3,"['A', 'D', 'D']",79.18369999999999,27.4549,23.62491633433935,8.68878632057408,1.993178648707536,10.862516959340352,29.96250705110546,-24.894973536790275,2.382835409973696,12.98822466342371,35.026,36.9352,0.3886956821645091,0.0832165848854673
103,3,"['D', 'A', 'D']",79.18369999999999,29.7049,13.111503344422156,33.675326050092444,2.4742435108604024,13.641859599527209,11.920408862515488,37.297536661997405,2.6564109956917794,14.646805520032522,21.1912,33.19520000000001,3.5750199533242704,17.25903466786792
104,2,"['A', 'D']",79.18369999999999,31.9549,14.473319383731807,35.94206480843231,2.050327774053471,11.382414871059098,13.487306671115077,41.2377894630749,1.902074226709355,10.557443241668938,0.568,28.974,0.0193649167310366,0.2093044035211236
105,2,"['A', 'D']",79.18369999999999,34.2049,16.06439339256041,49.97839991465269,1.3769911018978236,7.687529322877309,19.76584111855471,32.79476289396729,1.3546847845136374,7.562856467709055,0.568,29.0128,0.0073711147958315,0.2093044035211236
106,2,"['A', 'D']",79.18369999999999,36.4549,10.556529892238512,46.83001339603427,1.4205205721257643,7.96787291889816,13.945033145254856,31.76692417654468,1.4116192872256403,7.91796181045342,0.568,29.0084,0.0102794292967397,0.2093044035211236
107,4,"['A', 'A', 'D', 'D']",81.43369999999999,27.4549,9.02128638087865,-0.8994994078086799,3.167189693482044,17.262811787988998,11.323826607153771,-14.079725166928457,3.106781189602768,16.932229499193234,33.834,37.235200000000006,1.790791538212456,7.130274071403801
108,2,"['A', 'D']",81.43369999999999,29.7049,9.76110757594073,10.26415947813885,1.6222133352161288,8.956151077582561,16.153320656639174,-24.83577471187769,1.665924442254064,9.197247356533929,6.925200000000001,30.4784,3.2169857527401846,14.434173027922316
109,2,"['A', 'D']",81.43369999999999,31.9549,12.635828516597003,55.7389032513298,1.5691011766723997,8.725061202543403,17.97420707769137,27.1987483585449,1.5603163231416717,8.676195520813263,-0.102,28.9784,0.0190787840283392,0.2093044035211236
110,2,"['A', 'D']",81.43369999999999,34.2049,14.114562155184643,37.85377706848514,1.5605667299959407,8.721826150242768,18.07253846260769,16.021251121579013,1.5885540966592604,8.878149725780077,-0.102,29.0184,0.0055377492419449,0.2093044035211236
111,3,"['A', 'D', 'A']",81.43369999999999,36.4549,7.955155000596693,76.19727808214546,1.7057173126562504,9.560211295566722,9.803478801667742,68.7541116170649,1.6869524333698938,9.45513734682571,-0.1141666666666666,29.01333333333333,0.0081649658092768,0.2045762676249675
112,3,"['D', 'A', 'A']",83.68369999999999,27.4549,16.44628689888774,37.55308694198751,1.670016397169919,9.111623372509346,19.5800422630981,14.643502973261734,1.6868872621363586,9.197827494565862,26.742400000000004,36.028,4.144445077450056,15.78942559647648
113,3,"['D', 'D', 'A']",83.68369999999999,29.7049,12.201410165543642,42.51782785290484,1.4042699486900851,7.72518218384882,18.116422718406803,7.907691896552524,1.4818126539228562,8.150788108131003,-0.7380000000000001,28.8852,0.0342928563989649,0.2093044035211236
114,2,"['A', 'D']",83.68369999999999,31.9549,9.932538626507162,34.07792991771123,1.6627537348543442,9.243960772706131,13.188029463485858,19.91403902457834,1.6348992365634614,9.089035011972738,-0.7380000000000001,28.9708,0.0209999999999995,0.2093044035211236
115,2,"['A', 'D']",83.68369999999999,34.2049,11.287301679605658,34.804144153272524,1.927744469933956,10.773103440424784,15.049279170846598,15.8520024360904,1.8801959239721109,10.50706431124586,-0.7380000000000001,29.01,0.0086602540378443,0.2093044035211236
116,2,"['A', 'D']",83.68369999999999,36.4549,7.467199366871408,53.68326344607304,2.699433741612838,15.132142787901197,11.668514333090508,34.39159189131755,2.6259303070113225,14.72055892379296,-0.7380000000000001,29.004800000000003,0.0112249721603222,0.2093044035211236
117,3,"['D', 'A', 'A']",85.93369999999999,27.4549,9.629134803680232,41.41898423986144,2.964492788626651,16.192998083111014,13.91888996716132,14.30806789579016,3.0322968930954413,16.56013811944296,17.8016,34.1176,5.2394205150315365,18.8685027846232
118,3,"['D', 'D', 'A']",85.93369999999999,29.7049,7.717476575720029,36.23541332984559,1.38438148623359,7.6327922034405615,14.516865369433654,-2.3137936102937866,1.5340651012869178,8.456159148530082,-1.4039999999999997,28.8636,0.0349857113690719,0.2064178609842988
119,2,"['D', 'A']",85.93369999999999,31.9549,7.973209346025997,52.20708492629924,2.19821040592549,12.230238333765756,13.326817490311983,22.66766947382036,2.2314900241852427,12.415629061415911,-1.4036,28.948400000000003,0.0215406592285375,0.207
120,2,"['A', 'D']",85.93369999999999,36.4549,10.402310102888784,72.4034001680406,2.4710590346023413,13.865114659756395,13.315478313237469,57.52430327638398,2.459474876894993,13.800036252559908,-1.402,28.9784,0.0137477270848673,0.2093044035211235
121,3,"['A', 'D', 'D']",88.18369999999999,25.2049,25.782356877948256,-18.477746452280076,2.958438001917849,16.004939086465267,28.899149660093997,-40.3501111407559,3.182692241362268,17.21903188020523,35.638000000000005,40.3032,0.3142679323973941,0.0132287565553225
122,3,"['A', 'A', 'D']",88.18369999999999,27.4549,12.621482292081248,25.63283525993632,1.580963338408337,8.652238994329302,19.026469211749152,-12.864233065992218,1.7555303701042937,9.609286014437446,13.030400000000002,33.1452,5.507482879380258,18.83869056843743
123,2,"['A', 'D']",88.18369999999999,29.7049,10.409182803046154,34.284104692817806,1.821995085874384,10.064870465921045,16.834075735584122,-2.6961053983127896,1.969316719993738,10.877721026464066,-2.04,28.831200000000003,0.0358608421540822,0.2078661428259382
124,2,"['A', 'D']",88.18369999999999,31.9549,9.652200865346884,-6.265216987771908,1.8307832410744127,10.178757536125971,12.04586477662886,-19.43722731257713,2.0517714797621176,11.4065838581238,-2.0396,28.9148,0.0240000000000001,0.2081561913563947
125,3,"['D', 'A', 'D']",88.18369999999999,34.2049,-4.983740509067553,91.792115899204,1.6705999636928035,9.351991647995275,-2.0054096470085847,77.12494028416484,1.6455950664148575,9.212077381155671,-2.0380000000000003,28.948,0.0149999999999996,0.2093044035211236
126,2,"['D', 'A']",88.18369999999999,36.4549,7.808429370395941,37.83458947703841,7.260971248215524,40.76482635522093,9.18911259188824,29.17301760468998,7.150454563391352,40.144408752456094,-2.0380000000000003,28.9388,0.0187794213613375,0.2093044035211236
127,2,"['D', 'A']",88.18369999999999,38.7049,8.683975620332065,37.89626675068619,8.540303230869457,48.050891446686606,8.44454843572503,42.412209216289824,8.225645523323863,46.28051308500967,-2.0380000000000003,28.8876,0.0298998327754522,0.2093044035211236
128,2,"['D', 'A']",90.4337,25.2049,28.596301169826315,77.84756863470606,2.4515569663305663,13.195045900299816,29.084834276578125,67.6083381770176,2.484604517663888,13.373414345157071,35.6528,40.9052,0.3004041721858514,0.0073711147958305
129,3,"['D', 'D', 'A']",90.4337,27.4549,17.624391422452902,57.474142380981554,1.532749252821515,8.36115191031753,23.446691942521845,20.92962679842037,1.560127890122896,8.509567245647178,8.037199999999999,31.975200000000005,5.380080637561734,17.573652750637816
130,2,"['D', 'A']",90.4337,29.7049,12.684024522043236,32.05228372339296,1.8231469963543812,10.05817391695709,16.184174812129438,11.979239858370578,2.0457669160249843,11.288677307328582,-2.7,28.7848,0.0370944739819826,0.2078661428259381
131,4,"['A', 'D', 'A', 'A']",90.4337,31.9549,11.639387156859527,66.41551803153524,1.0988073810359251,6.110317362515543,16.522200684659573,39.7584207204676,1.049317299624786,5.836133744425168,-2.7,28.8636,0.0253113940087595,0.2078661428259381
132,2,"['A', 'D']",90.4337,34.2049,-19.708195341098342,184.71053957622703,3.0835613543983635,17.240495149637688,-14.704537498618077,158.02292616943808,2.8848667630562708,16.129791203206853,-2.6988000000000003,28.896000000000004,0.0189296944860009,0.2061415371373108
133,3,"['A', 'A', 'D']",90.4337,36.4549,-0.7763144732945506,45.74856553958568,1.7153750657209743,9.62765525095176,2.427997457055825,29.522040920271174,1.6566851905818587,9.298186016856206,-2.698,28.8832,0.0224944437584039,0.2049796737890531
134,2,"['A', 'D']",90.4337,38.7049,-2.6473559259683324,45.81035889073053,6.19369260953846,34.8846148176694,-0.1295089059835207,34.755293265464466,6.207408957674894,34.961796428589146,-2.698,28.8292,0.033531080109852,0.2049796737890531
135,2,"['A', 'D']",92.6837,25.2049,19.364421376592237,40.39265463141046,2.444383120962718,13.227651839039412,22.65073495483537,20.254170236045784,2.7249361936115006,14.749090180026965,35.6136,41.4788,0.2890980225921072,0.0219620885467062
136,2,"['A', 'D']",92.6837,27.4549,11.918845595856718,55.07191984953994,8.591990056535565,46.95407025495952,8.936539519268463,69.94617639555692,9.66295540020046,52.80713108217403,12.248,33.5864,6.178726190189474,19.470652274641445
137,3,"['A', 'A', 'D']",92.6837,29.7049,6.442722638340418,68.51155931352069,1.286297844289228,7.091848479222726,13.401975389168348,26.241772187791486,1.3670009943263033,7.536824869904681,-3.3280000000000003,28.727200000000003,0.0374744357306864,0.2049796737890532
138,2,"['A', 'D']",92.6837,31.9549,4.592520549212681,38.92158964220936,2.3247616434839213,12.901661751430574,8.955657113421799,13.65916975759677,2.2635795507265946,12.562337815546387,-3.3264,28.8024,0.0277308492477238,0.2061326433796128
139,3,"['D', 'A', 'A']",92.6837,36.4549,2.415849016411886,41.62771306846355,1.704854728909116,9.566620094041726,4.014359086447976,32.78536460686377,1.7045689766646477,9.564963340969769,-3.326,28.8156,0.0279999999999997,0.2064178609842988
140,3,"['D', 'D', 'A']",94.9337,25.2049,12.214910542900377,20.03414251594117,4.105013767397722,22.21469071730931,8.369597854285214,39.35741962390823,4.433028114024272,23.990508335116463,14.9108,34.8512,6.896256424080145,20.239377238442884
141,2,"['D', 'A']",94.9337,27.4549,4.32757503242987,89.20153992203004,1.532343097642421,8.380664797062428,12.135165364624866,43.14920612125097,1.5787121787841567,8.63390112112478,8.6404,32.723600000000005,6.190258395252981,18.826421035342857
142,2,"['D', 'A']",94.9337,29.7049,1.244875107384861,66.17793434048538,1.5306034386508762,8.448902833188152,6.176928520411318,36.902593720872666,1.4357252170356214,7.925615789050994,-3.98,28.6556,0.0381968585095687,0.2020725942163689
143,2,"['A', 'D']",94.9337,31.9549,-11.077853186398558,117.2220170578764,3.593864000296535,19.958761066383367,-7.278414879707323,95.5032607341723,3.4117326029324944,18.9472457707529,-3.98,28.7264,0.0294222138301431,0.2020725942163689
144,2,"['A', 'D']",94.9337,34.2049,-2.166677473194306,62.93427871929229,1.7608042762819154,9.831232071561471,1.3262426499472926,44.477620755254456,1.729046309649307,9.653917738048468,-3.98,28.7496,0.0283548937575151,0.2020725942163689
145,2,"['A', 'D']",94.9337,36.4549,-6.914670197440014,79.55367595228232,1.2709567244608209,7.134092715363358,-3.211015503382785,59.60936711545005,1.1861542254046142,6.657687232441118,-3.9784,28.73,0.0322748612183949,0.2044031963220405
146,2,"['A', 'D']",94.9337,38.7049,-10.453088781833268,53.66949695597982,1.3434597961024397,7.564943426637956,-8.079984860718563,42.88640793254225,1.303735610842753,7.34065663467071,-3.978,28.6664,0.0413198902870438,0.2049796737890532
147,3,"['A', 'A', 'D']",97.1837,25.2049,4.965860701772151,66.69861808020472,8.43152115359023,45.64540080465251,7.608750046592894,52.82284081045943,8.534195048307243,46.19463396884803,-4.598,28.3164,0.0613650280425805,0.199206760260121
148,3,"['D', 'A', 'D']",97.1837,27.4549,-8.061092717286982,54.74851061066741,2.207666034516949,12.011311261715193,-0.7028264796629121,13.60912829529332,2.337718725636957,12.71739405944608,-4.5968,28.4708,0.0486415460280611,0.1983414564162856
149,3,"['D', 'A', 'A']",97.1837,29.7049,-11.7836802230893,54.77113971594938,2.053843415903491,11.323107449976405,-6.402861473304423,26.369424523132803,2.092311667097127,11.534683976010838,-4.595600000000001,28.5764,0.0388243909589492,0.1977599555016131
150,2,"['D', 'A']",97.1837,31.9549,-13.290919351772006,78.12549414878005,2.569981155726759,14.272119914463715,-9.099270525364329,53.98314958156693,2.5514867115142126,14.169857365884036,-4.5928,28.6392,0.0326496554346291,0.1989246088346035
151,2,"['D', 'A']",97.1837,34.2049,-7.08616498376483,64.80158132004907,2.1246582205715434,11.857496819844462,-4.062463236118122,49.78148961467389,2.0437296321349008,11.406535907727111,-4.59,28.6584,0.0310483493925198,0.2020725942163692
152,3,"['D', 'A', 'A']",97.1837,36.4549,-3.948066037959973,32.92637301355326,1.310079133898109,7.348091510171708,-3.336009495868785,30.54782796108324,1.295506940491446,7.266514825207395,-4.59,28.6324,0.0375588427226755,0.2020725942163692
153,2,"['D', 'A']",97.1837,38.7049,-7.215083916074142,74.04362623684239,1.36125747176973,7.661589890567173,-5.492330902716894,66.83483523825741,1.3249312069017842,7.457235087191388,-4.59,28.564800000000005,0.046378874501221,0.2020725942163692
154,2,"['D', 'A']",97.1837,40.9549,-11.65992517646771,64.10712715550814,3.295694081730609,18.591857299439845,-10.058003624587045,52.81315927441671,3.3024109739056327,18.62989168197017,-4.59,28.4492,0.0576570319504339,0.2020725942163692
155,3,"['D', 'A', 'A']",99.4337,25.2049,-5.567466464789383,33.467553316120345,2.284646178513276,12.368216325851709,-2.9281790947052557,20.310236358788917,2.494082195761444,13.499908694333998,-5.234,28.2348,0.0600083327547095,0.1977582699492826
156,2,"['D', 'A']",99.4337,27.4549,-15.544743759122516,47.46623575953935,2.6845889208527733,14.683911380272594,-4.0608632933623445,-16.057329417536,2.931494893821831,16.032784819546936,-5.234,28.380400000000005,0.0497058011369565,0.1977582699492826
157,2,"['A', 'D']",99.4337,29.7049,-12.46457026892847,67.14541712176128,1.8488696127622952,10.212157391290429,-7.880102195137426,40.48495757159394,1.7235162483786333,9.520328076240885,-5.232,28.4776,0.0404433760542643,0.199206760260121
158,2,"['A', 'D']",99.4337,31.9549,-9.332193483199845,69.60473423199716,1.730957455832961,9.622168189142531,-5.769376944332164,51.11474212130641,1.627898891064433,9.049730295453102,-5.232,28.536000000000005,0.0362859017617954,0.199206760260121
159,3,"['A', 'A', 'D']",99.4337,34.2049,-3.4011113425494632,84.50762976797195,1.341209572123172,7.496400255095446,-0.2145545215164737,68.52638493594462,1.285774521265595,7.186570880273888,-5.232,28.5492,0.0363913909233124,0.199206760260121
160,2,"['A', 'D']",99.4337,36.4549,-5.293257304741591,70.34227076538852,1.283862356257311,7.207140308462862,-2.939039151647925,59.3383018140031,1.154722512630178,6.483211968264742,-5.2296000000000005,28.5156,0.0431161222746199,0.2015043423849718
161,4,"['D', 'D', 'A', 'A']",99.4337,38.7049,-11.25578168933278,58.9905921225353,0.953494607786712,5.367801337212704,-8.900205827262736,49.04387175342932,0.9160880964323654,5.157328395448348,-5.228,28.4428,0.0511142511112766,0.199206760260121
162,2,"['A', 'D']",101.6837,25.2049,-3.593142484604285,-0.4836433877029099,2.723343105722447,14.68123677502159,-1.8124632060895889,-18.82961416288736,2.9349744041011383,15.821584820686375,-5.836,28.1444,0.0600055552983776,0.1977582699492827
163,2,"['A', 'D']",101.6837,27.4549,-21.979268350407363,67.23662901532806,2.37880800318569,12.933080170608967,-18.10258322367109,44.62881745845505,2.397192552310602,13.033061500975055,-5.8356,28.2836,0.0495714971867228,0.1977599555016132
164,4,"['A', 'D', 'A', 'D']",101.6837,29.7049,-16.672357713023,50.6611584544838,1.18983845839103,6.540371308415667,-13.716194016334642,34.37575146870301,1.1448267906014653,6.29293271232666,-5.833600000000001,28.3748,0.0421426150114111,0.1971860373691133
165,2,"['A', 'D']",101.6837,31.9549,-12.229128258734937,72.8933072476393,2.9869083284324707,16.563316130412165,-8.498750475950136,52.44674834117807,2.706049794720184,15.005723358111856,-5.832000000000001,28.4256,0.0392725519075768,0.1948717526990507
166,2,"['A', 'D']",101.6837,34.2049,-8.916428124719873,46.02797773845667,2.999108597698408,16.71969118773214,-6.626898805010873,34.55633649656892,2.820621537845908,15.724640607865195,-5.832000000000001,28.43,0.0415331193145903,0.1948717526990507
167,2,"['A', 'D']",101.6837,36.4549,-4.594270276585941,73.43802389267307,3.3655671781351773,18.860343621820935,-0.9261118337142784,52.8198268653414,3.33616954282594,18.69575775305624,-5.832000000000001,28.3912,0.0471098008203532,0.1948717526990507
168,4,"['A', 'D', 'D', 'A']",101.6837,38.7049,-12.8615110453172,56.17803254336256,1.5971001227327033,8.985401339322795,-10.05776997641161,40.90302355873702,1.554799057324216,8.747368905924183,-5.832000000000001,28.311200000000003,0.0578302112509831,0.1948717526990507
169,2,"['A', 'D']",103.9337,25.2049,-5.692897396390729,-18.533977807509316,2.9629635444106364,15.974241612046931,-1.61512956073753,-40.03689137465688,3.1952965027039717,17.226304908089098,-6.456,28.0416,0.0582151183113114,0.1919852424884091
170,4,"['A', 'D', 'D', 'A']",103.9337,27.4549,-16.00406169302202,36.3312740604085,1.6008093668503274,8.729011354765033,-10.96915711524931,10.764883267220728,1.590597801497912,8.673549486620498,-6.4556,28.1708,0.0505733790315281,0.1919869787251205
171,3,"['D', 'A', 'D']",103.9337,29.7049,-9.435166005992958,37.11236379346976,1.926300483525796,10.61205111315346,-6.437537520165981,21.544006129767244,1.9905480490241385,10.966486480436036,-6.454,28.2536,0.0448032736899137,0.1919852424884091
172,2,"['A', 'D']",103.9337,31.9549,-11.670920113326275,75.87261837731005,2.1638259538667213,11.984448052973736,-7.694537659376341,56.98111034067533,2.2158533779260687,12.274384715488011,-6.454,28.295200000000005,0.0429262934186805,0.1919852424884091
173,3,"['A', 'A', 'D']",103.9337,34.2049,-12.621992053780696,43.65115560687533,1.1680543812195268,6.518350748571165,-9.006649915408872,27.71183257518628,1.103838117631201,6.160323409654663,-6.452399999999999,28.2928,0.045508241011931,0.194299596842951
174,3,"['A', 'A', 'D']",103.9337,36.4549,-4.631391146217513,28.7233243939636,2.8475331395397943,15.96670864233478,-4.391808777871416,27.76155765939606,2.682543529524912,15.041513515018334,-6.451999999999999,28.246,0.0536190264738179,0.1948717526990507
175,3,"['D', 'A', 'D']",103.9337,38.7049,-12.228218224053292,56.41475781384151,1.4983990228167323,8.429247169179282,-9.085346728647542,42.359129036388936,1.4904964510727483,8.384768168661234,-6.450399999999999,28.158,0.0620483682299541,0.1937240305176412
176,3,"['A', 'A', 'D']",106.1837,29.7049,-11.871530295072716,1.5785014746689887,2.0511697527699,11.288774205729178,-10.56051614714874,-5.582180132409834,1.8597312242905493,10.23938886720262,-7.037999999999999,28.1276,0.0463033476111611,0.1905474569059722
177,2,"['A', 'D']",106.1837,31.9549,-18.596335182130645,80.01964754399566,1.8409309987569848,10.22049382177304,-15.876585801358951,63.8390242658403,1.6784468403039114,9.318795609857183,-7.037999999999999,28.160000000000004,0.0470814896394182,0.1905474569059722
178,2,"['A', 'D']",106.1837,34.2049,-17.28208180959647,59.9097647130949,1.6485146367875056,9.203508287624311,-12.108731449174892,32.91783328829145,1.5975227882463257,8.91899946207045,-7.0360000000000005,28.1484,0.0508002624665137,0.1919852424884093
179,2,"['D', 'A']",106.1837,36.4549,-14.490777014842664,46.85404484017418,1.2526508245407384,7.01852889285382,-10.317208297659464,27.021912798008508,1.2118032969778152,6.789503588130205,-7.0356,28.0928,0.0579885046079538,0.1919869787251208
180,2,"['D', 'A']",106.1837,38.7049,-12.499038229254497,43.904953654180815,1.3953538309658389,7.846192685881812,-10.079623109887311,33.36351499807613,1.363599157234554,7.667624851707502,-7.034000000000001,27.9968,0.0687216608258755,0.1919852424884093
181,2,"['A', 'D']",108.4337,31.9549,-6.243068992827389,20.664668615865747,4.716887252586405,26.120246172387795,-3.105071174907536,2.8376671645621108,4.706290185721502,26.06149639841144,-7.635999999999999,28.0048,0.0506721488262205,0.1833257574192271
182,2,"['A', 'D']",108.4337,34.2049,-20.42231146524001,60.47564484003551,1.8409451645755803,10.254232486135662,-16.6863542003631,38.83263484127824,1.7796097539386917,9.912695753054315,-7.6348,27.9848,0.0547052709221575,0.1833284847843709
