,frame,master,center_lon,center_lat,heading,azimuth_resolution,range_resolution,avg_incidence_angle,centre_range_m,centre_time,s1AorB,opass,s1ab_offset_mm4,vel4,podoff4
14,004D_04518_131313,2018-12-13,98.6124,44.7974,-169.9966,13.9415,2.3296,39.572,881643.7053,23:33:05.797838,B,D,-97.76180072174402,11.520867573899611,6.539702009524936
18,004D_05513_131313,2018-11-25,96.3283,34.8533,-169.8334,13.9692,2.3296,39.5352,878830.8664,23:36:33.764066,A,D,-173.63889007226754,-13.443395750528826,2.126430459395129
19,004D_05712_131313,2018-11-25,95.8903,32.8626,-169.7771,13.9801,2.3296,39.574,878829.7016,23:37:06.863661,A,D,-159.15791316137756,23.73429507434607,65.36448141608221
20,004D_05911_131313,2018-11-25,95.4837,30.8672,-169.6993,13.9842,2.3296,39.6102,878830.8664,23:37:39.957090,A,D,-298.2799412881506,15.411033469253658,46.259496596928294
21,004D_06111_131313,2018-11-25,95.0752,28.8718,-169.6196,13.9891,2.3296,39.6434,878830.8664,23:38:13.052573,A,D,-253.09222403578096,25.499789106571768,68.80122956170979
22,004D_06311_131313,2018-11-25,94.671,26.8756,-169.5349,13.988,2.3296,39.6734,878830.8664,23:38:46.151142,A,D,88.6094080580439,-26.90446423237952,32.75368531115028
27,005A_07021_131313,2019-05-01,-98.0621,19.8012,-10.7864,14.0117,2.3296,39.7052,878319.1947,0:40:34.002742,A,A,26.43038339654131,14.094781732643396,49.025688122709866
29,005D_05000_131313,2018-11-26,72.8058,39.9798,-169.942,13.958,2.3296,39.4482,879151.6803,1:13:53.038835,A,D,0.0,-15.888401895487997,25.5492313494207
33,005D_05797_131313,2018-11-26,71.063,32.0149,-169.7297,13.9724,2.3296,39.6112,879151.6803,1:16:05.441328,A,D,31.399413474923787,-44.831777522507096,20.711979517578566
34,005D_05996_131313,2018-11-26,70.6437,30.0213,-169.6584,13.9794,2.3296,39.6457,879151.6803,1:16:38.537840,A,D,39.62843645918516,-58.23184537809226,6.898129712263897
35,005D_06196_131313,2018-11-26,70.2353,28.0261,-169.5783,13.9832,2.3296,39.6771,879151.6803,1:17:11.632297,A,D,35.484411902452266,-44.74898251215392,16.954353063973873
36,005D_06395_131313,2018-11-26,69.8263,26.0302,-169.495,13.987,2.3296,39.7052,879151.6803,1:17:44.732920,A,D,33.69307568318899,-142.0120749475901,-25.997475081270334
37,005D_06595_131313,2018-11-26,69.4178,24.0341,-169.4081,13.9942,2.3296,39.7298,879151.6803,1:18:17.832515,A,D,0.0,34.47563985508397,-50.759711300304055
38,006A_03658_131313,2019-05-07,-130.5048,53.4151,-10.2318,13.9258,2.3296,39.3495,881317.7331,2:27:56.178070,B,A,-215.86847198203245,50.70164413572038,69.08330417452271
42,006D_05509_131313,2018-11-26,46.9894,34.8813,-169.8211,13.9674,2.3296,39.5844,879536.8901,2:54:02.447483,A,D,75.71410055180868,5.284318816377849,82.13394803656516
43,006D_05713_141313,2017-12-19,46.5594,32.8338,-169.7525,13.9736,2.3296,39.5615,878872.6913,2:53:47.250359,B,D,47.545771272254534,-31.913498033494978,32.505004009634504
46,006D_07929_131313,2018-11-14,42.0477,10.6972,-168.7144,14.0246,2.3296,39.6456,877716.3374,3:00:43.746546,A,D,49.930137022871385,-22.6509550957584,48.23649181747177
47,006D_08129_131313,2018-11-26,41.6372,8.6994,-168.5974,14.0298,2.3296,39.6369,877716.3374,3:01:16.425598,A,D,60.2829092800189,-27.77489295979749,6.650234392695928
48,006D_08328_131313,2018-11-26,41.2271,6.7007,-168.4752,14.0319,2.3296,39.6231,877716.3374,3:01:49.526221,A,D,39.19546606729006,-49.02084196003304,15.92597473775934
64,007D_05457_030000,2018-11-26,23.3134,35.413,-169.3158,13.9643,2.3296,33.953,825906.8785,4:32:36.123898,A,D,-264.68645701935156,16.559977947389864,27.47771621670688
67,008A_12731_060000,2019-11-15,176.2581,-37.3004,-15.8475,14.0678,2.3296,33.1983,831327.6624,6:59:11.891105,B,A,-145.77563545439108,42.42180049357442,-27.323414760319082
69,008A_12836_151207,2019-11-15,177.43,-38.6082,-16.5744,14.068,2.3296,38.8516,884798.099,6:58:46.163762,B,A,-38.76176876076925,11.928723812880255,10.132382248057944
74,010D_12833_131313,2019-06-24,-69.2828,-38.3502,-163.3108,14.0681,2.3296,38.6731,883042.1081,9:48:38.533151,B,D,-100.54565007267092,-105.33014447786125,-65.41220730298855
75,011A_04903_171717,2020-10-22,109.2944,40.9692,-10.0719,13.9581,2.3296,39.4095,878980.9567,10:39:07.363710,A,A,0.0,5.356525188307314,67.15625609241611
76,011A_05533_131313,2016-09-25,110.7177,34.6683,-10.1997,13.9746,2.3296,33.798,878674.7858,10:36:57.337248,A,A,0.0,-12.607934545137736,54.926714289850345
77,011A_05732_131313,2020-10-22,111.157,32.677,-10.2551,13.9765,2.3296,39.5836,878980.9567,10:36:49.452326,A,A,0.0,-26.256654992312132,54.06557878100672
78,011A_05932_131313,2020-04-25,111.5818,30.6839,-10.3207,13.9832,2.3296,39.6243,878980.9567,10:36:07.844789,A,A,0.0,-19.929799369243362,52.696044430487376
88,012A_05244_131313,2016-09-01,85.4277,37.5615,-10.1058,13.9732,2.3296,33.8032,879289.291,12:16:28.930279,A,A,0.0,-14.201413108999098,20.880482836006852
91,012A_05443_131313,2016-09-01,85.9057,35.5747,-10.132,13.9778,2.3296,33.8404,879291.6205,12:15:55.837878,A,A,0.0,7.4314633042719205,108.80342503110052
92,012A_05642_131313,2016-09-01,86.3398,33.5828,-10.1901,13.9812,2.3296,33.8758,879289.291,12:15:22.734172,A,A,0.0,-35.49798318825881,-91.0438251446854
93,012A_05841_131313,2016-09-01,86.7692,31.591,-10.2547,13.9893,2.3296,33.9412,879291.6205,12:14:49.634577,A,A,0.0,12.789955840949068,55.81728746479631
95,012A_06241_131313,2016-09-01,87.5761,27.5961,-10.4216,13.9893,2.3296,33.9994,879291.6205,12:13:43.440525,A,A,57.46318389073336,23.022238649806848,72.9168279991785
96,012A_06441_131313,2016-09-01,87.9311,25.6812,-10.5201,13.9913,2.3296,34.0269,879291.6205,12:13:11.722263,A,A,-33.89101285040729,64.08868074906421,-58.284726057535934
99,012D_07075_080504,2017-03-12,-104.3856,19.0958,-169.1718,14.0087,2.3296,33.9497,878136.6569,12:50:36.073075,A,D,16.706829074243032,105.5842973609857,90.77686115615697
100,013A_05000_131313,2016-09-01,60.1548,39.9992,-10.0816,13.958,2.3296,33.7683,879595.462,13:55:54.254090,A,A,0.0,-1.4415124735245564,40.90304700648735
101,013A_05199_131313,2016-09-01,60.6121,38.0125,-10.1145,13.9623,2.3296,33.8104,879593.1325,13:55:21.155522,A,A,0.0,7.70624005126954,61.942800241545754
102,013A_05398_131313,2016-09-01,61.0752,36.0482,-10.1446,13.9676,2.3296,33.8529,879595.462,13:54:48.485538,A,A,0.0,4.773051843320515,59.67643708740771
104,013A_05797_131313,2016-09-13,61.9139,32.0353,-10.2806,13.9812,2.3296,33.8197,878458.8021,13:53:42.460677,A,A,0.0,1.9308395815267485,43.91061729311898
105,013A_05996_131313,2016-09-13,62.3332,30.0433,-10.3512,13.9861,2.3296,33.8498,878457.6373,13:53:09.365192,A,A,0.0,1.9795668356578935,45.69451472102532
106,013A_06196_131313,2016-09-13,62.7562,28.049,-10.4238,13.9901,2.3296,33.8791,878457.6373,13:52:36.264569,A,A,76.47390313176996,3.1429045181151958,55.689073331106236
108,013D_03885_131313,2017-03-06,-121.8593,51.1307,-169.8725,13.9262,2.3296,33.5909,881209.7412,14:19:45.979325,B,D,-216.88339957292706,70.79672701238265,14.832381364656493
109,013D_04083_131313,2017-03-06,-122.4044,49.1501,-169.9265,13.9321,2.3296,33.6814,881208.5764,14:20:19.093309,B,D,-85.88530106949402,28.079982609422043,85.65066214499805
111,014A_04939_131313,2016-09-01,35.3283,40.6164,-10.0705,13.9589,2.3296,39.4457,879170.4833,15:34:49.152249,A,A,12.311727224378053,20.152147244965793,27.17459664588068
112,014A_05138_131313,2016-09-01,35.7908,38.6299,-10.0995,13.9638,2.3296,39.4904,879171.6481,15:34:16.052653,A,A,23.12970773596792,7.19794487382693,13.021488812050862
114,014A_05540_151414,2016-09-01,36.6634,34.6463,-10.2017,13.9735,2.3296,33.8662,879170.4833,15:33:09.852435,A,A,33.080650045590204,11.632424625334206,62.40766966960709
115,014A_07524_101303,2016-12-18,40.6882,15.1034,-11.0404,14.0201,2.3296,39.659,877643.6217,15:27:45.611587,A,A,-30.847058287818662,27.507235882886008,37.82034286188988
119,014A_08068_141313,2019-05-07,41.8589,9.3257,-11.3655,14.0329,2.3296,39.6481,877601.5823,15:25:40.267811,B,A,-16.219792643116357,28.043759100663177,-16.219792643116357
123,015A_03923_131313,2019-04-19,8.0471,50.7714,-10.1531,13.9323,2.3296,39.2916,880059.7104,17:16:34.292212,A,A,-42.58901111028317,39.55901407146716,-94.03509411401551
124,015A_04513_111313,2016-09-01,9.6603,44.8269,-10.0249,13.9471,2.3296,33.8388,880679.3739,17:14:43.832255,A,A,-5.435783309235749,2.2476670269398022,22.99505224638274
133,016A_02562_091313,2019-11-03,-21.356,64.2691,-11.4987,13.9024,2.3296,39.1858,882341.5757,18:58:31.975029,B,A,25.411429960990947,92.41985851138121,91.51820643031876
139,017D_05636_040304,2020-04-13,135.1678,33.6141,-169.7817,13.9719,2.3296,39.6124,879114.0747,21:00:38.011733,A,D,-259.5427851384838,3.8707319498346378,25.604123445235704
156,018D_09415_060403,2017-03-12,102.707,-4.2716,-167.7214,14.051,2.3296,33.7809,878083.2434,22:49:30.266860,A,D,0.0,-17.38428420355137,-13.266773429709898
162,019D_05022_131313,2016-09-14,87.1794,39.7603,-169.9218,13.9546,2.3296,33.7013,879374.8192,0:16:08.360023,A,D,-37.83171969637757,-14.75170102708386,-24.691261413931894
163,019D_05221_131313,2016-09-14,86.6807,37.7728,-169.9135,13.9577,2.3296,33.7424,879374.8192,0:16:41.472979,A,D,18.858842288817787,-79.07473239708823,-29.672103344133824
164,019D_05420_131313,2016-09-14,86.2238,35.7846,-169.8745,13.973,2.3296,33.8209,879374.8192,0:17:14.570519,A,D,-39.053780749982344,-21.736719795984378,-5.653362116506897
165,019D_05619_131313,2016-09-14,85.7897,33.7937,-169.8171,13.977,2.3296,33.8579,879374.8192,0:17:47.678337,A,D,-62.747559038875075,-15.287406829520732,18.96579757247986
168,019D_06217_131313,2016-09-14,84.5489,27.8072,-169.5887,13.9926,2.3296,33.9881,879374.8192,0:19:26.969928,A,D,-8.78778121617151,-37.52425906241524,90.30075770543571
172,020A_04566_131313,2019-05-08,-113.6403,44.3337,-10.0196,13.9492,2.3296,39.4884,880425.8435,1:27:48.472263,B,A,-117.59791031999609,24.387257868744516,41.17482768726205
173,020A_04765_131313,2019-04-14,-113.1577,42.3488,-10.0278,13.9536,2.3296,39.5386,880425.8435,1:27:14.418311,B,A,28.507084484805667,-23.53697114405265,28.507084484805667
176,020A_05362_131313,2019-05-08,-111.787,36.3819,-10.1282,13.9686,2.3296,39.6676,880425.8435,1:25:36.075938,B,A,-3.6016892465208814,-0.9705674724066189,-3.6016892465208814
179,020D_04935_131313,2016-09-02,62.7082,40.6235,-169.9282,13.9506,2.3296,33.6153,879026.5497,1:54:37.918091,A,D,0.0,-14.102834124415592,34.43290427140869
180,020D_05135_131313,2016-09-02,62.2548,38.6351,-169.894,13.9543,2.3296,33.659,879026.5497,1:55:11.020769,A,D,0.0,-13.901763882000788,54.69120913302073
181,020D_05334_131313,2016-09-02,61.7974,36.6463,-169.8581,13.962,2.3296,33.7382,879026.5497,1:55:44.113170,A,D,0.0,4.029015674848076,110.5042318915721
182,020D_05533_131313,2016-09-02,61.3583,34.6567,-169.8073,13.9663,2.3296,33.7757,879027.7145,1:56:17.212766,A,D,0.0,-13.024344641680036,35.26473832186878
183,020D_05732_131313,2016-09-02,60.9143,32.6637,-169.7545,13.9709,2.3296,33.8117,879027.7145,1:56:50.310305,A,D,0.0,-21.22175328892708,28.930387273447508
189,021D_04423_131313,2016-09-02,39.2662,45.7431,-169.9461,13.938,2.3296,33.5937,879865.6912,3:31:57.213291,A,D,54.34766839858661,-12.296208841828967,37.61642186383977
190,021D_04564_090603,2016-09-02,38.8517,44.1472,-169.9616,13.9415,2.3296,33.6373,879865.6912,3:32:23.821438,A,D,52.951455850358066,-18.993023730076914,39.20746986008732
194,021D_05566_131313,2016-09-02,36.5929,34.3128,-169.7986,13.9688,2.3296,33.9175,879868.0207,3:35:07.529026,A,D,53.09717984518028,-38.10653981121456,23.71387587687725
197,021D_07147_131313,2017-03-07,33.3443,18.5128,-169.1375,14.007,2.3296,33.8853,877835.0378,3:38:44.658282,B,D,1.541949037069223,-22.676146021713386,1.5419490370692233
199,021D_09150_131313,2017-03-25,29.2252,-1.5296,-167.9237,14.0488,2.3296,33.8656,878429.6825,3:44:58.903932,A,D,-29.846842423120137,-64.00112147419088,-104.41893000443292
202,022D_04617_161617,2016-09-02,14.0992,43.8306,-169.9524,13.9407,2.3296,33.6817,880310.3047,5:11:13.682997,A,D,50.552789780583446,-27.268840063369606,27.011316741197263
205,023A_13470_171714,2020-03-27,170.1039,-44.7166,-18.4495,14.0656,2.3296,38.6902,886330.4517,7:38:07.359974,B,A,24.60652683791385,30.051819135006973,64.38829739121863
217,026A_04929_131313,2016-09-02,99.0832,40.7087,-10.066,13.9591,2.3296,33.6336,878759.8148,11:19:45.357136,A,A,0.0,-16.646357381598456,26.464519164330532
218,026A_05128_131313,2016-09-02,99.5644,38.7223,-10.0826,13.9673,2.3296,33.6743,878760.9796,11:19:12.257542,A,A,0.0,-16.842802519191657,28.369536265385104
219,026A_05327_131313,2016-09-02,100.0239,36.734,-10.1174,13.9742,2.3296,33.7512,878759.8148,11:18:39.160001,A,A,0.0,-9.225509432237875,40.88050258859395
222,026A_05924_131313,2016-09-02,101.2991,30.7586,-10.3081,13.9897,2.3296,33.8847,878760.9796,11:16:59.859160,A,A,0.0,-21.542280920539245,52.30663630651048
224,026A_06324_131313,2016-09-02,102.1326,26.765,-10.4632,13.9939,2.3296,33.9388,878760.9796,11:15:53.660997,A,A,0.0,-16.004457681572333,113.98020494255248
225,026A_06524_131313,2016-09-02,102.5349,24.7696,-10.5522,14.0001,2.3296,33.9863,878760.9796,11:15:20.563457,A,A,0.0,-2.333999223732804,110.03096129863498
232,027A_05393_131313,2016-09-02,75.4977,36.0807,-10.1258,13.9728,2.3296,33.8045,879233.7143,12:57:12.997166,A,A,28.801217187874535,14.675894142390367,54.60367499567761
233,027A_05591_131313,2016-09-02,75.9294,34.0878,-10.184,13.9748,2.3296,33.8759,879233.7143,12:56:39.894487,A,A,25.834543320450432,12.66980022771757,57.164680027914
235,027A_05990_131313,2016-09-02,76.7264,30.1006,-10.3461,13.9821,2.3296,33.9417,879233.7143,12:55:33.695297,A,A,0.0,4.469673856613528,53.237956152830556
237,027D_05524_131313,2017-03-01,-111.4385,34.738,-169.8111,13.9694,2.3296,33.8199,879236.7094,13:27:24.900738,A,D,0.0,-15.139504287714093,18.183569461944824
239,027D_06303_130908,2017-03-01,-113.1193,26.7088,-169.5191,13.9855,2.3296,33.9852,879236.7094,13:29:38.181981,A,D,0.0,-58.699212038596364,117.39864346361
244,028A_05618_131313,2019-12-28,51.2609,33.8199,-10.2155,13.9778,2.3296,39.5487,878911.0699,14:35:38.226184,A,A,0.0,14.701207102001252,41.4736092606168
247,028A_06197_071312,2016-09-02,52.5088,27.8391,-10.4344,13.9903,2.3296,33.9832,879018.3962,14:33:40.809309,A,A,0.0,20.066563738921502,43.49806255414724
252,029A_05182_131413,2016-09-02,25.6171,38.1757,-10.1036,13.961,2.3296,34.0115,880843.9408,16:15:17.108196,A,A,578.4979353611608,-140.77150546222805,105.14156421313594
253,029A_05389_141412,2016-09-02,26.0873,36.0738,-10.1511,13.9686,2.3296,34.0861,880843.9408,16:14:42.147296,A,A,-95.2295807756151,-19.629263892120846,-12.94173625694212
264,032D_07536_111313,2017-03-01,121.025,14.6626,-168.9344,14.0158,2.3296,33.9528,877767.5878,21:46:40.417106,A,D,64.3936785469306,-14.87625958047103,-23.831953824280564
265,032D_07741_141414,2020-07-19,120.5957,12.5817,-168.8232,14.019,2.3296,39.6883,877732.6444,21:47:40.679194,A,D,33.496546870396315,-59.46165053707035,7.945127877607007
267,033D_04907_131313,2020-12-10,101.8565,40.9127,-169.9283,13.9527,2.3296,39.392,878712.2252,23:18:37.705639,A,D,-113.43645665434933,29.829653606943296,73.84310138322931
268,033D_05106_131313,2016-09-14,101.371,38.9284,-169.9163,13.9565,2.3296,33.6452,878914.0651,23:18:46.226705,A,D,0.0,-3.4213999467525067,-6.850047467777088
274,033D_06301_131313,2016-09-02,98.7711,26.7512,-169.525,13.9957,2.3296,33.837,877985.901,23:22:07.939175,A,D,0.0,-3.0668780093308285,55.56048335902522
275,033D_06500_131313,2016-09-02,98.4087,24.9744,-169.4486,13.9957,2.3296,33.837,877985.901,23:22:37.372686,A,D,0.0,-18.47568993624365,0.28547969402705753
276,033D_06701_131313,2016-09-02,97.9984,22.9769,-169.3602,13.9991,2.3296,33.8866,877985.901,23:23:10.469198,A,D,0.0,-3.3209930634444262,39.5432295269197
283,034D_05310_131313,2016-09-15,76.2181,36.8768,-169.8795,13.965,2.3296,33.7992,879479.8158,0:58:05.074834,A,D,3.990281214342377,-33.38881036681155,6.09096331770661
284,034D_05509_131313,2016-09-15,75.7441,34.8841,-169.8481,13.974,2.3296,33.8372,879480.9806,0:58:38.175457,A,D,-23.328279736404983,-42.617856211574356,70.80335667431137
285,034D_05709_131313,2016-09-15,75.3426,32.8859,-169.7698,13.9759,2.3296,33.8737,879480.9806,0:59:11.275052,A,D,-45.98700132008699,-45.73961235011353,-52.43654283073479
286,034D_05909_131313,2016-09-15,74.9442,30.8899,-169.6878,13.9769,2.3296,33.9414,879479.8158,0:59:44.378759,A,D,-12.552200904554494,-35.622169998381686,-29.226731892936808
307,036D_04807_031312,2016-09-03,28.0999,42.2028,-169.9483,13.9465,2.3296,33.7297,880142.5763,4:14:04.896450,A,D,80.2187455998886,-28.514223906609825,20.050981439105495
316,038A_03435_080808,2019-05-03,158.9011,55.6378,-10.3367,13.9196,2.3296,39.3055,881453.6206,7:09:01.223628,A,A,0.0,176.4382168963723,61.59345505206038
317,038A_03576_131307,2019-05-03,159.3624,54.0733,-10.2605,13.9226,2.3296,39.344,881453.6206,7:08:35.024535,A,A,0.0,-58.15779738692852,44.257935597912194
323,038A_09963_111312,2019-05-03,148.7852,-9.5427,-12.7152,14.0583,2.3296,39.4568,878833.3624,8:29:40.596282,A,A,0.0,-21.38726281050002,-104.30413670002194
326,039A_05599_101702,2019-05-09,139.7186,33.7851,-10.2217,13.9732,2.3296,39.5745,878940.2486,8:40:59.716847,B,A,76.21670433925804,-145.21793986140855,-19.272167788463182
329,039A_09931_061510,2019-05-03,123.9645,-8.7608,-12.6563,14.0574,2.3296,39.4612,878899.5886,10:08:34.506382,A,A,8.184743076114684,152.3822667763523,31.12765996962417
339,039D_14339_121309,2017-03-08,-72.8902,-53.5451,-158.0483,14.0614,2.3296,32.6769,887591.2439,9:36:14.872903,B,D,-187.67214135879559,47.23080614456794,58.85397864544894
340,040A_04764_131313,2016-09-27,113.0827,42.3656,-10.0556,13.9549,2.3296,33.6155,878838.1879,10:22:37.995075,A,A,0.0,-79.57687548476555,-7.873212213394211
350,040D_08919_131307,2016-12-02,-79.2632,0.9616,-168.1,14.0408,2.3296,33.8997,878082.4705,10:59:45.401754,B,D,-9.582640751967999,25.72592398673964,-48.76714060810147
358,041A_05185_121216,2016-09-03,89.4488,37.9368,-10.1026,13.9736,2.3296,33.8174,879407.2667,12:00:07.855624,A,A,0.0,-4.585707489397309,34.821658781401766
359,041A_05206_161616,2020-10-24,89.4459,37.9321,-10.1051,13.9726,2.3296,39.4768,879080.296,12:00:34.045842,A,A,0.0,-111.39942752350507,-62.70726909213577
360,041A_05430_131313,2016-09-03,89.9928,35.7009,-10.128,13.9773,2.3296,33.8544,879407.2667,11:59:30.622305,A,A,0.0,-60.3415417197162,-36.97510061537978
361,041A_05629_131313,2016-09-03,90.4287,33.7101,-10.1846,13.9816,2.3296,33.8898,879407.2667,11:58:57.530932,A,A,0.0,2.3585859166854664,59.45947980646323
362,041A_05829_131313,2016-09-03,90.8561,31.7181,-10.2501,13.9888,2.3296,33.9567,879407.2667,11:58:24.430309,A,A,0.0,-4.5715516260873414,64.3205364430747
363,041A_06028_131313,2016-09-03,91.2756,29.7249,-10.3236,13.9928,2.3296,33.9892,879407.2667,11:57:51.330714,A,A,0.0,11.69634852118957,108.95392716238355
364,041A_06228_131313,2020-12-11,91.6506,27.7225,-10.4236,13.9908,2.3296,39.6663,879080.296,11:57:43.261047,A,A,0.0,-114.94863721662938,-32.12311655960752
367,041A_06828_131313,2016-09-15,92.8328,21.7289,-10.7047,14.0043,2.3296,33.902,877978.4131,11:55:39.464506,A,A,0.0,47.71287674590298,65.87920689091976
370,041D_07070_131313,2017-03-02,-100.2392,19.2724,-169.1823,14.0075,2.3296,33.9142,877997.0496,12:34:05.389750,A,D,24.529062802230058,-33.37634263377497,112.94056506028744
373,042A_04938_131313,2016-09-15,64.1133,40.6181,-10.0806,13.9567,2.3296,33.6719,878974.6337,13:39:37.813837,A,A,0.0,-8.169933609239564,44.08804964782347
374,042A_05137_131313,2016-09-15,64.5714,38.6297,-10.1116,13.9606,2.3296,33.7124,878973.4689,13:39:04.704992,A,A,0.0,-5.968600754126494,57.58502021823636
376,042A_05535_131313,2016-09-15,65.4839,34.6528,-10.1888,13.9761,2.3296,33.8254,878976.9633,13:37:58.499635,A,A,0.0,-0.6490663647550896,53.06521491456793
377,042A_05734_131313,2016-09-15,65.9217,32.6601,-10.245,13.978,2.3296,33.8596,878976.9633,13:37:25.401068,A,A,84.34021510345877,-0.9093366978465132,54.16997479909168
378,042A_05933_131313,2016-09-15,66.3222,30.6658,-10.3253,13.9862,2.3296,33.9221,878976.9633,13:36:52.299416,A,A,74.35354185996144,7.4687228337181075,76.35270875564086
380,042A_06333_131313,2016-09-15,67.1583,26.6743,-10.4775,13.9912,2.3296,33.9772,878976.9633,13:35:46.103309,A,A,-46.05464586582554,40.89211734716804,112.03157627481332
381,042A_06518_081313,2016-09-15,67.5603,24.6787,-10.5662,13.9943,2.3296,34.0025,878974.6337,13:35:13.003714,A,A,0.0,66.40124908842743,117.15153539521263
384,043A_04559_030813,2016-09-03,38.6134,43.9989,-10.0605,13.9469,2.3296,33.5982,879150.5156,15:19:18.245096,A,A,39.627672978933816,28.401348381059652,27.540530711175386
385,043A_04910_040302,2016-09-03,39.3897,40.9357,-10.0532,13.9572,2.3296,33.6836,879150.5156,15:18:27.156299,A,A,-12.490526976835522,19.887923108115853,107.47247173944771
386,043A_05008_161514,2020-06-14,39.6066,39.9414,-10.0745,13.9599,2.3296,39.4947,879557.0242,15:18:31.130856,A,A,41.62163152081307,18.24702201537328,43.98664893294522
388,043A_05421_141313,2016-09-03,40.5272,35.7957,-10.17,13.9703,2.3296,33.8396,879150.5156,15:17:01.654407,A,A,3.831902083939103,4.370353767397865,-18.52331247497934
389,043A_05623_131313,2016-09-03,40.9683,33.7792,-10.2254,13.9744,2.3296,33.8747,879150.5156,15:16:28.140618,A,A,0.0,20.483863886559654,32.99526480490528
390,043A_05822_131313,2016-09-03,41.4007,31.7871,-10.2859,13.9821,2.3296,33.9394,879150.5156,15:15:55.043077,A,A,54.085255258991225,29.44482936403072,72.23193293668163
395,044A_05129_010307,2016-09-03,15.1616,38.9633,-10.083,13.9573,2.3296,33.9418,880600.5015,16:56:38.881724,A,A,-0.19827329605772195,-26.74445951497117,41.28500875119784
399,044D_03600_070805,2017-05-13,-166.211,54.1394,-169.7192,13.9203,2.3296,33.5711,881342.4673,17:20:41.998189,A,D,42.50043189997531,16.738002989852586,-2.3085100450370257
402,044D_13391_110904,2019-12-29,169.0783,-43.7583,-161.8567,14.0683,2.3296,38.7318,886266.1633,17:48:11.793128,A,D,0.0,-36.69374998854244,77.49353830546497
407,046D_04690_121308,2017-03-02,141.4837,43.1832,-169.9463,13.9444,2.3296,33.6324,879531.0663,20:41:11.041821,A,D,0.0,38.0587971019206,100.48964004852292
418,047A_10380_131313,2019-05-09,-72.4088,-13.806,-13.0977,14.071,2.3296,39.3888,879661.2481,23:16:31.958491,B,A,-7.455383612316281,5.963511582973733,-7.455383612316281
419,047A_10580_131313,2019-05-09,-71.9303,-15.7977,-13.2919,14.0643,2.3296,39.3216,879661.2481,23:15:58.855812,B,A,10.908970178395517,-24.312419116143158,109.19097802618167
421,047A_11782_131313,2019-05-09,-68.6666,-27.8018,-14.7724,14.0733,2.3296,39.0735,882138.9037,23:12:38.407741,B,A,-3.7515013692926606,14.211894625546128,1.7838191133135115
438,048D_06252_131313,2016-09-04,88.6058,27.4562,-169.5678,13.9944,2.3296,33.8231,878040.6457,0:03:04.854504,A,D,0.0,-36.01132713310534,7.72946775861199
439,048D_06453_131313,2016-09-04,88.2392,25.4571,-169.4636,13.9907,2.3296,33.8515,878042.9753,0:03:37.953071,A,D,-199.50174734596845,-43.692582072524836,13.750022495416909
443,049A_04537_131313,2019-05-10,-109.6085,44.6252,-10.0279,13.9522,2.3296,39.4002,879586.5357,1:11:25.880498,B,A,-68.6200025793136,43.69519942655393,-68.6200025793136
444,049A_05532_131313,2019-05-10,-107.3025,34.6848,-10.1761,13.9747,2.3296,39.6214,879587.7004,1:08:40.389717,B,A,-15.95154222872534,14.751795486593295,-15.951542228725337
445,049A_05731_131313,2019-05-10,-106.8753,32.6922,-10.2388,13.9808,2.3296,39.6595,879587.7004,1:08:07.292176,B,A,12.225094711067037,1.4370116623943647,12.225094711067037
447,049A_06918_131313,2019-05-04,-104.4496,20.8275,-10.7381,14.0073,2.3296,39.6738,878003.0399,1:05:32.225293,A,A,-5.428388535826291,-38.82698069687985,119.07437259883716
448,049A_07091_051113,2019-05-04,-104.0464,18.8292,-10.8369,14.0073,2.3296,39.688,878003.0399,1:04:59.121587,A,A,52.508311238309965,-32.43680266427789,-38.78024897445613
450,049D_05335_131313,2016-09-04,65.9075,36.6343,-169.8582,13.962,2.3296,33.7496,879111.5787,1:39:17.075257,A,D,0.0,-26.171046791893968,41.11277126613727
451,049D_05534_131313,2016-09-04,65.4411,34.6437,-169.8227,13.9671,2.3296,33.7874,879111.5787,1:39:50.176908,A,D,0.0,-19.90630086101198,35.17403793580752
453,049D_05932_131313,2016-09-04,64.6071,30.6551,-169.6827,13.9784,2.3296,33.8907,879111.5787,1:40:56.382266,A,D,0.0,-12.786413319017294,57.77763768990255
455,049D_06331_131313,2016-09-04,63.7756,26.665,-169.5276,13.9897,2.3296,33.9762,879111.5787,1:42:02.585568,A,D,0.0,-10.711665814627647,60.21653653734103
456,049D_06459_040405,2016-09-04,63.5049,25.3355,-169.4692,13.9918,2.3296,34.0001,879111.5787,1:42:24.647854,A,D,0.0,-24.23895170701956,80.98536181923468
461,050D_04647_121313,2016-09-04,42.8182,43.5268,-169.9569,13.9415,2.3296,33.6732,880143.741,3:16:06.919129,A,D,-0.24453239357463624,-17.284941941999378,-34.33819251876328
463,050D_05046_141313,2016-09-04,41.8377,39.4738,-169.9309,13.9559,2.3296,33.7998,880142.5762,3:17:14.494514,A,D,45.20299934812167,-32.78903870261962,11.484681221125012
465,050D_05443_121313,2016-09-04,40.9754,35.5733,-169.8371,13.9643,2.3296,33.917,880143.741,3:18:19.311343,A,D,67.22336752988637,-59.46579310745267,-17.26401912718652
471,050D_08492_131313,2016-12-09,34.7314,5.0568,-168.3692,14.0369,2.3296,33.85,877716.3374,3:26:45.177034,A,D,0.0,-2.911935497740355,-11.22784163458029
473,051D_02601_131308,2020-05-22,24.8948,64.1043,-168.3435,13.8975,2.3296,39.2392,882954.1914,4:49:25.942356,A,D,-46.931066028655685,-30.522119997033574,82.201187468515
476,051D_04568_131313,2016-09-04,18.3145,44.2851,-169.9592,13.9407,2.3296,33.6992,880393.0042,4:54:38.861436,A,D,19.828505749684645,-0.29108016702029477,51.3503166582112
478,051D_04982_051313,2016-09-04,17.3048,40.0616,-169.9268,13.9515,2.3296,33.8264,880391.8394,4:55:49.205657,A,D,9.54638334847374,-35.26032539199727,34.386750322439156
479,051D_05177_000715,2016-09-04,16.3364,37.9769,-170.1937,13.926,2.3296,39.2448,903593.1144,4:56:25.055586,A,D,22.40698200017973,-11.67866878996077,56.917204591404165
481,052A_13183_181613,2019-11-30,173.0505,-42.1487,-17.6912,14.0668,2.3296,38.7553,885591.9805,7:22:26.538910,B,A,-33.66132685017874,24.96042096107939,-75.53991167630936
487,054A_05688_051313,2017-09-17,129.5687,33.1089,-10.247,13.9753,2.3296,39.5554,878642.5638,9:21:51.441848,B,A,-54.10892553683822,-7.657771358018389,57.86954655545444
493,054D_10879_131313,2017-03-09,-69.4365,-18.8067,-166.3869,14.0731,2.3296,33.5875,880308.2007,10:07:34.339105,B,D,4.647767779797807,-44.94487805913235,12.196964556894505
497,055A_05021_131313,2016-09-04,103.4088,39.7821,-10.0816,13.9605,2.3296,33.6678,878890.1039,11:03:02.637621,A,A,0.0,-19.25995033677912,38.05332701438324
498,055A_05221_131313,2016-09-04,103.8687,37.7946,-10.1136,13.9688,2.3296,33.7463,878890.1039,11:02:29.535970,A,A,0.0,-24.133869206164956,21.352886185447026
500,055A_05619_131313,2016-09-04,104.7597,33.8149,-10.208,13.9775,2.3296,33.8186,878890.1039,11:01:23.345001,A,A,-8.750133794931264,-24.181407163607755,38.129523737750915
501,055A_05818_131313,2016-09-04,105.1847,31.8186,-10.2738,13.9812,2.3296,33.8852,878890.1039,11:00:50.246433,A,A,0.0,-21.907973762341,34.85397016234811
502,055A_06018_131313,2016-09-04,105.5871,29.8248,-10.3544,13.9853,2.3296,33.9176,878890.1039,11:00:17.148894,A,A,0.0,-9.48417828394523,54.14912515861947
509,055D_07784_040200,2017-03-03,-86.9052,12.0694,-168.7224,14.0237,2.3296,33.9095,850757.4812,11:38:27.473268,A,D,0.0,15.42156233502764,51.9724622848714
519,056A_05457_131313,2016-09-04,79.7575,35.4361,-10.1412,13.9781,2.3296,33.8143,879113.409,12:40:34.896271,A,A,-23.68916456067376,11.813172880941622,46.92090176793296
522,056A_06055_131313,2016-09-04,80.9958,29.4539,-10.3601,13.9844,2.3296,33.9446,879113.409,12:38:55.597485,A,A,0.0,34.62406074731545,109.32616815005915
523,056A_06255_131313,2016-09-04,81.3898,27.4564,-10.449,13.9881,2.3296,33.9734,879113.409,12:38:22.504056,A,A,0.0,28.891140576334404,75.24684881605702
524,056D_05559_131313,2017-03-03,-107.4069,34.3914,-169.8052,13.9709,2.3296,33.8283,879204.2619,13:11:03.284342,A,D,0.0,-2.834703144417721,15.14384081761494
533,057A_05393_151514,2019-12-30,54.8718,36.0748,-10.1599,13.9702,2.3296,39.5141,879037.5318,14:19:48.164841,A,A,0.0,11.16043279169617,-32.73398583485
539,057A_06387_130911,2016-09-04,57.0071,25.9717,-10.5123,13.9942,2.3296,34.0125,879063.1571,14:16:42.524709,A,A,0.0,32.45891411389906,67.32102777793544
540,057A_09245_131313,2019-05-04,38.1489,-2.4412,-12.1436,14.0519,2.3296,39.5772,878361.6261,15:47:48.139989,A,A,0.0,-3.4980588396469634,-52.755760882797766
547,058A_08540_131313,2019-05-04,36.6608,4.6112,-11.6574,14.0393,2.3296,39.6834,878361.6261,15:49:44.945948,A,A,24.082518805402348,23.271817160053782,-59.714612881992224
555,060A_00001_030604,2020-03-11,-17.5031,28.2238,-10.415,13.9857,2.3296,39.6011,878308.8782,19:13:49.862712,A,A,21.4537042014059,-24.19457789795342,44.366986930855425
559,060D_03564_141313,2017-03-03,158.8771,54.3366,-169.709,13.9205,2.3296,33.6244,881680.753,19:40:28.893228,A,D,0.0,-166.31968722322037,-68.60382360128314
560,060D_03718_021307,2017-03-03,158.2831,52.3846,-169.8153,13.9229,2.3296,33.669,881680.753,19:41:01.567323,A,D,0.0,65.34069117989414,78.83748480960014
564,061D_05289_021007,2017-03-09,129.6815,36.7674,-169.871,13.9591,2.3296,33.9868,880700.3991,21:23:24.714367,B,D,-34.05911797339023,6.771561296815155,-34.05911797339023
568,061D_07906_131313,2017-02-07,124.375,10.924,-168.7273,14.0238,2.3296,33.9399,877687.2179,21:31:15.380674,A,D,14.835970621122751,-80.96586519461044,-39.19383670397542
570,061D_08277_110410,2017-03-03,123.6086,7.1188,-168.4977,14.0343,2.3296,33.9182,877687.2179,21:32:17.920223,A,D,47.19028750358883,130.33215313607616,86.71623641377377
582,062D_05035_131313,2016-09-16,105.6643,39.6258,-169.9163,13.9569,2.3296,33.6829,879060.1618,23:02:07.221893,A,D,-8.583619280547383,6.014265501190156,48.85747745146033
585,062D_05631_131313,2016-09-16,104.3153,33.6566,-169.7873,13.9734,2.3296,33.8382,879060.1618,23:03:46.509373,A,D,24.073744831187497,14.031616456990406,42.14954566636473
586,062D_05831_131313,2016-09-16,103.8898,31.6638,-169.722,13.9762,2.3296,33.8731,879061.3266,23:04:19.605885,A,D,0.0,8.94561221828034,58.102812490937204
587,062D_06031_131313,2016-09-16,103.4774,29.6702,-169.6463,13.9788,2.3296,33.9061,879061.3266,23:04:52.702397,A,D,40.06438577861389,10.082129007380841,62.004799443233615
589,062D_06430_131313,2016-09-16,102.6438,25.6817,-169.4888,13.9928,2.3296,33.9923,879061.3266,23:05:58.900560,A,D,29.117002743535497,16.926104020645603,39.88847034141608
595,063A_07458_041304,2019-05-05,-88.9821,15.6728,-10.995,14.0197,2.3296,39.7509,878643.0038,0:06:30.659585,A,A,0.0,6.194159424304072,-26.243920897360955
596,063A_07559_161820,2020-06-16,-88.7266,14.25,-11.0788,14.0209,2.3296,39.7544,878643.0038,0:06:16.162133,A,A,42.46427557792272,0.7047413153497123,37.78311894765883
600,063D_05260_131413,2016-09-17,80.4438,37.3822,-169.8921,13.9606,2.3296,33.7567,879345.0341,0:41:29.221138,A,D,-242.38221940463905,65.03335310917116,54.9536825973888
603,063D_05462_131313,2016-09-17,79.9809,35.3666,-169.8517,13.9646,2.3296,33.7957,879345.0341,0:42:02.795567,A,D,14.157068898046667,-25.678717334225453,11.671153286963348
605,063D_05860_131313,2016-09-17,79.1262,31.3786,-169.7246,13.9824,2.3296,33.9033,879347.3636,0:43:08.990646,A,D,71.34367265059512,-21.890563934008775,-4.3851620176045545
606,063D_06060_131313,2016-09-17,78.7193,29.38,-169.6441,13.9866,2.3296,33.9358,879347.3636,0:43:42.087158,A,D,75.1418136007339,-28.45768970036271,17.135817296368117
607,063D_06265_141314,2016-09-17,78.4226,27.8551,-169.5736,13.9852,2.3296,33.9942,879347.3636,0:44:07.393112,A,D,75.00147964507644,-27.384597191605884,7.715303336964591
608,064A_04019_131313,2019-04-17,-121.2659,49.8139,-10.1105,13.9335,2.3296,39.2925,879737.4579,1:54:00.190716,B,A,20.198230234963734,-10.739498592765441,-4.547025211547346
609,064A_04218_131313,2019-04-17,-120.7208,47.8329,-10.0592,13.9418,2.3296,39.3416,879735.1283,1:53:27.090092,B,A,23.756321603483705,-19.76245919478153,23.756321603483705
611,064A_05011_131313,2019-04-17,-118.7584,39.8919,-10.061,13.9617,2.3296,39.5317,879735.1283,1:51:14.687599,B,A,-19.43682796324799,-44.32500784929762,109.85767107525946
612,064A_05211_131313,2019-04-17,-118.3092,37.9021,-10.1004,13.9658,2.3296,39.576,879737.4579,1:50:41.589031,B,A,-18.532345749180767,-5.828464725857455,66.39109124742039
613,064A_05410_131313,2019-04-17,-117.8651,35.9117,-10.1469,13.971,2.3296,39.6181,879737.4579,1:50:08.490464,B,A,-33.43853152631298,-36.35306819918109,93.84474101214701
615,064D_04889_131313,2016-09-17,56.6511,41.0906,-169.9291,13.949,2.3296,33.6301,879257.6755,2:19:11.994915,A,D,0.0,-6.07360696439078,11.966231946847449
616,064D_05088_131313,2016-09-17,56.1889,39.1051,-169.9019,13.9527,2.3296,33.6718,879257.6755,2:19:45.092454,A,D,0.0,-13.087366258338456,40.550071588675245
617,064D_05287_131313,2016-09-17,55.7098,37.1151,-169.8799,13.9616,2.3296,33.7518,879257.6755,2:20:18.186911,A,D,0.0,-19.52403703568558,37.95758622664132
618,064D_05486_131313,2016-09-17,55.2855,35.1261,-169.8211,13.9657,2.3296,33.7898,879257.6755,2:20:51.284452,A,D,0.0,-20.79414182273201,29.82370450452287
619,064D_05685_131313,2016-12-22,54.8466,33.1364,-169.7647,13.9687,2.3296,33.8224,879257.6755,2:21:23.429788,A,D,0.0,-24.053487095230352,26.61705323328985
620,064D_05884_131313,2016-09-17,54.4116,31.1427,-169.7054,13.9776,2.3296,33.8942,879257.6755,2:21:57.477475,A,D,0.0,-25.757745498036858,30.24141251778522
621,064D_06083_131313,2016-09-17,53.9977,29.1481,-169.6296,13.9829,2.3296,33.9255,879257.6755,2:22:30.577071,A,D,0.0,-17.420271882773577,-13.785549246781276
622,064D_06255_111008,2016-09-17,53.6633,27.5145,-169.5621,13.9864,2.3296,33.9545,879258.8403,2:22:57.671358,A,D,0.0,-38.03392087832438,26.913848150092683
628,065D_07467_131313,2017-03-10,26.5252,15.3191,-168.9724,14.0134,2.3296,33.895,877790.7761,4:04:18.790333,B,D,68.00907446788851,-59.64484510709538,68.00907446788851
644,069A_07127_060500,2019-06-16,121.8696,18.7516,-10.9621,14.0109,2.3296,36.9991,850767.3576,9:59:10.801477,B,A,86.7636654803043,-67.0232669085571,86.7636654803043
646,069A_07825_090908,2020-05-29,123.647,11.7645,-11.2258,14.0269,2.3296,39.6612,877693.6,9:57:19.604327,B,A,10.298624398903595,98.80304853728272,50.25855163722269
648,069A_08127_131414,2019-08-27,124.2603,8.7395,-11.4015,14.0325,2.3296,39.6502,877693.6,9:56:28.141913,B,A,11.905105422953985,33.63385534981952,36.82707955649481
649,069A_08324_101313,2019-08-27,124.6814,6.6817,-11.5274,14.0352,2.3296,39.636,877693.6,9:55:54.074150,B,A,-4.544259772970019,-8.669353407506907,61.1150804146694
651,069A_09108_131313,2019-05-05,101.624,-1.0753,-12.0423,14.0484,2.3296,39.6321,878814.2266,11:33:05.463636,A,A,0.0,10.022909967214444,73.39067976510592
652,069A_09283_080913,2019-05-05,102.0515,-3.073,-12.1882,14.0497,2.3296,39.5943,878814.2266,11:32:32.363012,A,A,0.0,-17.790375475866842,41.24552303179095
662,070A_05026_131313,2016-09-05,93.1364,39.7436,-10.0794,13.961,2.3296,33.6488,878804.5757,11:44:10.623931,A,A,0.0,-13.505088860034837,31.822237765394966
663,070A_05251_161617,2016-09-05,93.6699,37.4841,-10.1089,13.9732,2.3296,33.7279,878804.5757,11:43:32.958944,A,A,0.0,-20.435239706758107,25.355616043949823
664,070A_05479_131313,2016-09-05,94.1946,35.2156,-10.1528,13.9767,2.3296,33.7652,878804.5757,11:42:55.242570,A,A,0.0,-8.721686508865188,27.916316779294515
666,070A_05877_131313,2016-09-05,95.0558,31.2325,-10.2768,13.9871,2.3296,33.8667,878804.5757,11:41:49.047491,A,A,0.0,-7.058089215382661,65.59941111129096
669,070A_06477_131313,2016-09-05,96.2556,25.2411,-10.5367,13.9957,2.3296,33.9757,878804.5757,11:40:09.750760,A,A,0.0,-28.56492914307512,95.33905985045908
678,071A_05240_131313,2016-09-17,68.9614,37.6001,-10.1053,13.9676,2.3296,33.7502,878941.0214,13:22:20.176239,A,A,0.0,-2.584464960485683,-11.557278124375406
680,071A_05638_131313,2016-09-17,69.8287,33.6198,-10.2153,13.9768,2.3296,33.8234,878941.0214,13:21:13.971909,A,A,0.0,10.828506579934794,45.00897128984332
689,072A_04892_131313,2016-09-05,43.4374,41.0932,-10.0707,13.9592,2.3296,33.6719,879027.2152,15:02:02.403381,A,A,33.74897199536208,4.448028580403073,42.96359414341362
692,072A_05289_131313,2016-09-05,44.3686,37.1122,-10.1268,13.9672,2.3296,33.7902,879027.2152,15:00:56.206244,A,A,40.60140942342893,22.08470316513051,38.4646922693917
695,072A_05887_131313,2016-09-05,45.6428,31.1375,-10.3138,13.9827,2.3296,33.9249,879027.2152,14:59:16.918764,A,A,29.275205007762143,32.27274148793524,47.425671691492596
698,073A_04168_131313,2016-09-05,16.9678,48.3284,-10.0745,13.9359,2.3296,33.7176,880843.9408,16:42:47.646523,A,A,-45.95600148926484,44.022849360763296,-70.03162333486065
701,073A_04736_051113,2016-09-05,18.4824,42.3748,-10.0362,13.9496,2.3296,33.8918,880843.9408,16:41:08.337459,A,A,17.268018940566233,120.83861255698521,66.54492944170316
709,073D_03461_000300,2020-07-22,-161.8521,55.3814,-169.761,13.8834,2.3296,39.0616,878772.4634,17:04:17.261602,A,D,27.653981879728384,16.53657475043054,-10.190016709480584
711,073D_13010_161205,2019-11-13,174.704,-40.2401,-162.8158,14.0684,2.3296,38.8428,885641.0085,17:30:46.113890,A,D,0.0,9.83978172720035,58.52943940110963
713,073D_13256_001823,2019-11-25,173.2349,-42.4262,-161.848,14.0705,2.3296,40.8016,908381.0302,17:31:24.908893,A,D,104.9483882822012,-34.187007521055804,81.36992910384106
723,076A_10855_131313,2019-05-11,-67.1084,-18.541,-13.5889,14.0718,2.3296,39.3546,881095.5927,22:58:45.869565,B,A,-28.877867603345955,14.59107096172574,13.15317418369266
724,076A_11050_131113,2019-05-11,-66.5858,-20.5247,-13.8167,14.0753,2.3296,39.2788,881095.5927,22:58:12.772026,B,A,-86.86569114303701,3.793578963167855,46.25393077563731
737,077D_05487_141313,2016-09-17,94.3233,35.1182,-169.8454,13.9729,2.3296,33.778,878976.6305,23:44:30.940115,A,D,33.73807223907644,-16.575996813684615,30.935592856532338
747,078D_05037_131313,2016-09-06,70.6893,39.6037,-169.9189,13.9541,2.3296,33.6607,879060.1618,1:22:00.341837,A,D,0.0,-28.722648691722522,39.54787689746626
749,078D_05435_131313,2016-09-06,69.7638,35.6198,-169.8516,13.972,2.3296,33.7789,879060.1618,1:23:06.543083,A,D,0.0,-35.98392292327556,7.256190176654758
750,078D_05634_131313,2016-09-06,69.353,33.6303,-169.7821,13.9716,2.3296,33.8154,879060.1618,1:23:39.640623,A,D,0.0,-45.0875604934981,0.09956678353870009
751,078D_05834_131313,2016-09-06,68.9311,31.6378,-169.7151,13.9745,2.3296,33.8502,879060.1618,1:24:12.744329,A,D,0.0,-27.226617319437736,42.495935342305984
752,078D_06033_131313,2016-09-06,68.5056,29.6429,-169.6462,13.9821,2.3296,33.9142,879060.1618,1:24:45.842897,A,D,0.0,-40.70637354628768,30.45937236994278
758,079D_05011_131313,2016-12-23,46.0526,39.8698,-169.9294,13.9546,2.3296,33.7099,879709.1113,3:00:40.025306,A,D,0.0,-28.090407687375784,56.51009174322538
760,079D_05408_131313,2016-09-18,45.1499,35.8916,-169.8515,13.9652,2.3296,33.8338,879709.1113,3:01:47.237772,A,D,41.40179947807504,-80.29711273409872,117.59261429674058
762,079D_05807_131313,2017-11-30,44.3174,31.9034,-169.7135,13.9724,2.3296,33.8052,878871.5265,3:02:17.151397,B,D,-37.99457247058623,-18.580019720451222,46.281603140307794
763,079D_07502_111213,2016-12-11,40.8677,15.0381,-168.9579,14.0155,2.3296,33.8974,877715.1726,3:07:32.436191,A,D,0.0,-28.49782317896015,22.415831053992722
764,079D_07694_131313,2016-12-11,40.4608,13.0414,-168.8491,14.0195,2.3296,33.8999,877716.3374,3:08:05.528592,A,D,0.0,-40.30909356902728,36.22901298730802
765,079D_07894_131313,2016-12-11,40.0614,11.0429,-168.7345,14.0234,2.3296,33.8987,877716.3374,3:08:38.629215,A,D,0.0,-22.79628157802512,44.367973720228065
767,079D_08294_131313,2016-12-11,39.2414,7.0447,-168.496,14.0344,2.3296,33.8749,877716.3374,3:09:44.830461,A,D,0.0,-27.11146022412878,10.631374182662439
768,079D_08494_131313,2016-12-11,38.8394,5.0432,-168.3695,14.036,2.3296,33.8603,877716.3374,3:10:17.930056,A,D,0.0,0.8864972964896155,-40.442351824276834
770,079D_09093_131313,2017-04-28,37.591,-0.9532,-167.9671,14.0451,2.3296,33.8063,878000.9359,3:11:13.868464,B,D,-107.59175078270239,44.157209792424496,-107.59175078270238
771,079D_09298_141313,2017-09-19,37.1461,-3.0053,-167.8176,14.0479,2.3296,33.8046,878201.2782,3:11:55.546206,B,D,-25.375168264964334,-17.430909809231437,26.61285064960179
773,080D_04608_131313,2016-09-06,22.3085,43.8848,-169.974,13.9424,2.3296,33.8417,881141.7919,4:38:18.218134,A,D,27.358874384206796,-13.39440272448862,54.246180095539486
774,080D_04807_131313,2016-09-06,21.8256,41.8974,-169.965,13.9473,2.3296,33.8842,881141.7919,4:38:51.320812,A,D,18.469350566593047,-55.84670184977763,30.031807127739796
775,080D_05003_131312,2016-09-06,21.3728,39.9401,-169.9367,13.9507,2.3296,33.926,881141.7919,4:39:23.938381,A,D,12.286434174032161,-23.333606740815096,34.580541670563775
776,080D_05196_131104,2016-09-06,20.9284,37.9789,-169.8988,13.9583,2.3296,34.0064,881141.7919,4:39:56.552865,A,D,28.88410618225557,-7.069690388568983,29.988074151731194
779,080D_06835_131313,2017-03-11,17.5109,21.6362,-169.2926,14.0031,2.3296,33.8745,877807.083,4:43:42.820789,B,D,-13.680894097888332,-2.0016592454379163,-13.680894097888332
783,081A_12528_140900,2019-11-08,173.9738,-35.2815,-15.7686,14.0679,2.3296,36.3865,858432.449,7:07:59.412006,B,A,36.87741776426175,26.097055347836907,-84.44968852354857
785,081A_12881_141414,2019-11-08,175.7496,-38.7802,-16.8208,14.0676,2.3296,38.8281,884645.8454,7:06:56.922067,B,A,6.806993461672719,36.17262009965352,-85.78637163244322
786,081A_13045_090804,2019-11-08,176.4087,-40.4868,-17.2223,14.0676,2.3296,38.7449,884645.8454,7:06:27.967502,B,A,-55.500289317070305,43.86597243694131,-55.500289317070305
799,083D_11056_131313,2017-03-11,-65.8242,-20.5816,-166.1699,14.0701,2.3296,33.9523,883054.7543,9:51:36.679553,B,D,22.71287704919443,-21.450707299810855,42.12356067618438
802,083D_11651_131313,2017-03-11,-67.4617,-26.5301,-165.4057,14.0741,2.3296,33.658,883054.7543,9:53:15.976283,B,D,-90.62213385071368,-20.20644591978648,72.92333322711725
808,083D_12832_131313,2017-03-11,-71.3236,-38.3421,-163.3217,14.0703,2.3296,32.9881,883054.7543,9:56:34.577967,B,D,-18.2101573090618,-115.02089295963276,9.779444893111265
809,083D_13027_131313,2017-03-11,-72.0903,-40.2942,-162.8602,14.0695,2.3296,32.8951,883054.7543,9:57:07.678589,B,D,-158.0144189942727,-2.502151556633297,83.07843410273973
810,083D_13222_131313,2017-03-11,-72.9006,-42.2424,-162.3569,14.0685,2.3296,32.7131,883053.5895,9:57:40.776130,B,D,66.07873616057313,-18.593977361703086,-1.3404382696236297
818,084A_05125_131313,2016-09-06,107.7688,38.7509,-10.0937,13.9627,2.3296,33.7557,879334.5511,10:46:18.121670,A,A,0.0,-2.2813161046170163,70.86391377860505
819,084A_05324_131313,2016-09-06,108.2212,36.7616,-10.133,13.9699,2.3296,33.838,879333.3863,10:45:45.025157,A,A,0.0,7.595818116759734,91.26310972348239
820,084A_05722_131313,2016-09-18,109.0812,32.7756,-10.2497,13.9791,2.3296,33.808,878475.4418,10:44:39.351817,A,A,0.0,-5.711955794719983,30.75955643791057
821,084A_05922_131313,2020-04-30,109.5032,30.7828,-10.3184,13.9847,2.3296,39.6178,878951.338,10:44:23.481888,A,A,0.0,-14.775693544811162,78.12971011343596
824,084D_08014_091312,2017-03-05,-83.5829,9.9248,-168.6674,14.027,2.3296,33.9055,877648.7801,11:22:36.713172,A,D,-27.004878384233187,-31.387229590536844,-2.106708268308348
835,085A_05455_131313,2016-09-06,83.8612,35.454,-10.1443,13.9785,2.3296,33.8327,879201.9324,12:24:07.817204,A,A,0.0,7.418924703022454,-25.06762030329571
837,085A_05853_131313,2016-09-06,84.7265,31.4688,-10.2658,13.9899,2.3296,33.9326,879201.9324,12:23:01.614929,A,A,0.0,21.67187757720944,84.39371295871594
839,085A_06253_131313,2016-09-06,85.522,27.4748,-10.4377,13.9884,2.3296,33.9902,879201.9324,12:21:55.416767,A,A,35.548938628488486,21.851650393984478,93.76083775227553
842,086A_05013_131313,2016-09-06,58.1189,39.8786,-10.0881,13.958,2.3296,33.7343,879358.5122,14:04:06.217500,A,A,0.0,3.347968321864048,24.40126257578846
843,086A_05211_131313,2016-09-06,58.5753,37.8903,-10.122,13.9643,2.3296,33.7743,879358.5122,14:03:33.118933,A,A,0.0,6.616302729065159,67.00247004754539
844,086A_05410_131313,2016-09-06,59.0331,35.9005,-10.1592,13.9716,2.3296,33.8521,879358.5122,14:03:00.023448,A,A,0.0,21.678753148411886,59.22982993894811
845,086A_05609_131313,2016-09-06,59.4663,33.9099,-10.2153,13.9754,2.3296,33.8912,879358.5122,14:02:26.928991,A,A,0.0,20.68477610422865,68.10891687509607
846,086A_06008_131313,2016-09-18,60.2987,29.9198,-10.3572,13.9863,2.3296,33.8326,878319.0284,14:01:21.241625,A,A,0.0,11.978508914497572,72.8537204465493
848,086A_06402_111313,2016-09-18,61.1246,26.1419,-10.4884,13.9922,2.3296,33.8895,878316.6988,14:00:15.039352,A,A,0.0,9.296573371260125,36.527874300249586
856,087A_05529_040414,2016-09-06,34.6621,34.3869,-10.2102,13.973,2.3296,33.8725,879170.4833,15:41:19.528881,A,A,30.915068475366198,39.84211649720949,58.770938400468324
862,087A_08308_141414,2016-12-23,40.2941,6.9302,-11.5125,14.0374,2.3296,39.642,877689.0482,15:33:43.860607,A,A,-71.9291846203899,63.73396296122561,-73.19974230747722
872,090D_08876_130400,2017-03-17,126.8662,1.3466,-168.1285,14.0411,2.3296,34.1043,852597.8352,21:17:25.279699,A,D,0.0,-89.03329321197036,-114.2369115895456
888,091D_09272_091105,2017-03-05,101.0009,-2.6547,-167.8417,14.0486,2.3296,33.8106,877965.6006,22:57:16.973172,A,D,0.0,-11.669719862740758,-62.11739477156867
890,092A_07741_131013,2019-05-06,-84.2783,12.5142,-11.18,14.0253,2.3296,39.6566,877624.9852,23:49:11.048333,A,A,0.0,-42.72841427812677,68.8524671910124
892,092A_07941_091203,2019-05-06,-83.9521,11.112,-11.2533,14.0289,2.3296,39.6532,877623.8205,23:48:44.843073,A,A,7.20152639974648,15.939910815203147,-40.839219201245825
894,092A_08084_081213,2019-05-06,-83.5619,9.0158,-11.3818,14.0309,2.3296,39.6452,877623.8205,23:48:13.117617,A,A,31.624484685480976,38.9715639008977,79.38387118103601
901,092D_05981_121313,2016-09-19,82.9774,30.2052,-169.6895,13.9869,2.3296,33.9395,879347.3636,0:27:01.187066,A,D,29.902452943013472,-22.512877691263014,27.902261373549134
903,092D_06191_141214,2016-09-19,82.5672,28.1189,-169.5964,13.9914,2.3296,33.9697,879347.3636,0:27:35.662857,A,D,34.81254755897829,-32.666170244420336,40.1670837060944
904,092D_06405_141415,2016-09-19,82.2595,26.5092,-169.5178,13.9887,2.3296,34.0223,879347.3636,0:28:02.347062,A,D,49.8223618997627,-66.73649949644647,0.0763387752667183
909,093D_05078_131313,2016-09-19,60.3291,39.2005,-169.9011,13.954,2.3296,33.6467,878975.1328,2:03:16.088389,A,D,0.0,-20.35004752858973,35.82018753806186
911,093D_05476_131313,2016-09-19,59.4284,35.2223,-169.8194,13.9665,2.3296,33.7638,878975.1328,2:04:22.287579,A,D,0.0,-24.832639479548206,10.900451031382728
912,093D_05675_131313,2016-09-19,58.9904,33.2314,-169.7649,13.9707,2.3296,33.7998,878973.968,2:04:55.393341,A,D,0.0,-27.686668592496755,32.74482876460998
913,093D_05874_131313,2016-09-19,58.5499,31.2377,-169.707,13.9757,2.3296,33.8342,878973.968,2:05:28.487798,A,D,0.0,-28.26375696930527,12.786996475939398
914,093D_06074_131313,2016-09-19,58.1438,29.245,-169.6277,13.9812,2.3296,33.8973,878973.968,2:06:01.587393,A,D,0.0,-34.653661042956614,32.22368094302197
915,093D_06273_131313,2016-09-19,57.7323,27.2491,-169.5477,13.9864,2.3296,33.9259,878975.1328,2:06:34.682877,A,D,0.0,-29.16263574831938,36.64610425841689
917,093D_06417_040510,2016-09-19,57.3759,25.5273,-169.4759,13.9894,2.3296,33.9521,878975.1328,2:07:03.227360,A,D,0.0,-40.933298956651946,27.88665447895514
924,095A_03649_040505,2020-04-01,-167.5363,53.5125,-10.2177,13.923,2.3296,39.3369,881169.3067,4:56:09.561027,B,A,26.39963222114668,-14.477534499133428,41.73490780438334
927,095D_04589_131313,2016-09-07,12.0888,44.0907,-169.9626,13.9418,2.3296,33.804,880908.8357,5:19:23.344581,A,D,45.86948073764448,-15.751117678913703,28.341170785286675
928,095D_04767_130707,2016-09-07,11.6117,42.1319,-169.9554,13.9462,2.3296,33.8467,880908.8357,5:19:55.962150,A,D,29.760421364765012,179.09832730203024,86.5334387266633
929,096A_09625_110000,2019-10-28,155.4678,-6.2408,-12.3196,14.0548,2.3296,33.7983,824140.9633,7:57:12.234752,B,A,-91.11322200038973,29.522566474609867,-91.11322200038973
938,099A_04855_080909,2016-09-07,96.8846,41.3588,-10.0517,13.9553,2.3296,33.5915,878759.8148,11:28:10.180346,A,A,0.0,-20.701376216486494,20.931065634345707
939,099A_05018_131313,2016-09-07,97.2419,39.8133,-10.0739,13.9678,2.3296,33.6716,878759.8148,11:27:44.383114,A,A,0.0,-17.417847355501966,21.14955775064261
940,099A_05217_131313,2016-09-07,97.7247,37.8247,-10.0917,13.9681,2.3296,33.7109,878759.8148,11:27:11.281463,A,A,0.0,-14.47268435376454,26.74072534899957
941,099A_05416_131313,2016-09-07,98.1566,35.8364,-10.1459,13.9751,2.3296,33.7488,878759.8148,11:26:38.184951,A,A,0.0,-13.81205611642513,12.987982842696793
942,099A_05417_131313,2016-09-07,98.1649,35.8361,-10.1402,13.9751,2.3296,39.4983,878759.8148,11:26:38.184951,A,A,0.0,-13.159102573109827,-14.575374863138421
943,099A_05615_131313,2016-09-07,98.6042,33.8456,-10.1946,13.9832,2.3296,33.8194,878759.8148,11:26:05.087411,A,A,0.0,-17.591741593007548,5.616972492137268
944,099A_05815_131313,2016-09-07,99.0361,31.8537,-10.2568,13.986,2.3296,33.8519,878759.8148,11:25:31.990899,A,A,28.42273613278718,-26.435891239203887,19.199634158341308
945,099A_06014_131313,2016-09-07,99.4549,29.8598,-10.3299,13.9895,2.3296,33.8824,878759.8148,11:24:58.894387,A,A,0.0,-24.568271735665032,61.22743039046954
946,099A_06214_131313,2016-09-07,99.8508,27.8638,-10.4175,13.9951,2.3296,33.9367,878759.8148,11:24:25.794792,A,A,0.0,-30.000784944808508,85.94610581672923
959,100A_05637_131313,2016-09-19,73.9274,33.6344,-10.2221,13.9732,2.3296,33.8553,879205.2603,13:04:46.844100,A,A,0.0,-11.426625480604676,46.97031854568626
961,100A_06036_131313,2016-09-19,74.698,29.9779,-10.35,13.9802,2.3296,33.9263,879205.2603,13:03:46.150717,A,A,0.0,49.48003487373139,90.94146589835528
969,101A_04411_111112,2019-11-27,46.3672,45.8754,-10.0704,13.9443,2.3296,39.2778,878900.4204,14:47:13.966046,A,A,0.0,6.38239802421219,49.65082601457331
970,101A_04597_131313,2019-11-27,46.8484,44.03,-10.0504,13.9515,2.3296,39.323,878900.4204,14:46:43.140925,A,A,0.0,20.762890368456105,54.83650564546196
971,101A_04798_131413,2019-11-27,47.3401,42.0151,-10.0567,13.9528,2.3296,39.3713,878900.4204,14:46:09.557245,A,A,0.0,4.274920948674084,46.40793625474714
973,101A_05193_131313,2019-11-27,48.2597,38.0678,-10.1111,13.9666,2.3296,39.4616,878900.4204,14:45:03.831861,A,A,60.730886683845256,15.645115060026633,32.06956880759793
976,101A_05808_131313,2016-09-07,49.6016,31.9295,-10.2805,13.9789,2.3296,33.8984,879018.3962,14:43:02.671409,A,A,0.0,30.048932892406757,64.82720679522866
977,101A_05977_060913,2016-09-07,50.0148,29.9359,-10.3549,13.9828,2.3296,33.929,879018.3962,14:42:29.569759,A,A,0.0,32.614961688936766,77.57256727855808
978,101A_06166_041107,2016-09-07,50.3341,28.3823,-10.4162,13.9865,2.3296,33.9572,879018.3962,14:42:03.793082,A,A,0.0,39.71585458739278,82.48078106227284
993,102D_03135_131313,2017-03-12,-156.4988,58.6343,-169.3585,13.9083,2.3296,33.542,882272.5208,16:45:47.285033,B,D,0.0,-35.437134057987706,16.07108057864978
994,102D_03311_000303,2020-07-24,-157.882,56.8732,-170.1742,13.88,2.3296,41.4087,905346.942,16:47:25.867429,A,D,20.218890940821122,5.279718664271738,-22.597613772920567
1011,105D_09782_131111,2017-03-06,114.2688,-7.7531,-167.4446,14.0549,2.3296,33.8148,878853.4965,22:01:05.557516,A,D,0.0,-6.31891848678051,95.41160520437425
1014,106A_09048_000909,2020-12-10,-91.5055,-0.4693,-12.0191,14.0343,2.3296,41.6437,901242.4791,0:26:14.884940,B,A,7.98622338356706,2.7465947431485107,118.0850133504044
1016,106D_03814_131313,2017-03-12,102.5912,51.8363,-169.8315,13.9247,2.3296,33.5263,880647.4848,23:22:39.306232,B,D,322.39985015835276,-113.56628886233284,-36.825434663761584
1024,106D_05646_131313,2016-09-19,98.0893,33.5233,-169.798,13.9764,2.3296,33.8079,878978.96,23:28:30.085076,A,D,13.185613419231942,-8.751944751877561,-1.3484674129780772
1027,106D_06244_131313,2016-09-07,96.8631,27.5327,-169.5622,13.9903,2.3296,33.8179,877985.901,23:30:08.854131,A,D,1.7288490813809334,15.05601262072524,16.141633136908123
1028,106D_06445_131313,2016-09-07,96.4781,25.5376,-169.4672,13.9921,2.3296,33.8467,877985.901,23:30:41.949616,A,D,0.0,-104.08498240697331,-23.157673397437794
1029,106D_06644_131313,2016-09-07,96.0691,23.5406,-169.3798,13.9948,2.3296,33.8713,877985.901,23:31:15.046127,A,D,19.98184026097954,-136.98976214139165,-59.99741714926644
1040,107D_05092_141313,2016-09-20,74.6336,39.0711,-169.9397,13.9602,2.3296,33.7646,879777.0014,1:05:42.423657,A,D,3.3276185706755212,-27.86784262667959,57.5235285362022
1041,107D_05486_131313,2016-09-08,73.7747,35.1101,-169.8325,13.9723,2.3296,33.7214,878674.1202,1:06:47.699810,A,D,0.0,-36.690757674562064,31.42117012360209
1042,107D_05686_131313,2016-09-08,73.3653,33.1139,-169.76,13.974,2.3296,33.7619,878674.1202,1:07:20.796322,A,D,0.0,-95.17484229231609,44.184494776548895
1043,107D_05886_131313,2016-09-08,72.9533,31.1204,-169.6869,13.9739,2.3296,33.7985,878674.1202,1:07:53.893861,A,D,0.0,-65.70416610529666,-2.65379179481209
1044,107D_06085_131313,2016-09-08,72.5339,29.1273,-169.6148,13.981,2.3296,33.8619,878674.1202,1:08:26.987290,A,D,0.0,-42.09715124605303,20.386308851588716
1045,107D_06286_131313,2016-09-08,72.1337,27.2161,-169.5412,13.985,2.3296,33.8906,878676.4498,1:08:58.700413,A,D,0.0,-18.14118325989347,62.47813984127107
1050,108D_05237_030413,2016-12-01,49.7868,38.1356,-169.889,13.961,2.3296,33.7651,879320.2409,2:44:42.091654,A,D,0.0,-37.694720738525426,50.85064347064783
1052,108D_05585_121313,2016-09-20,48.899,34.1596,-169.795,13.9718,2.3296,33.8431,879321.4056,2:45:48.659844,A,D,47.55106957376177,-25.93901169211664,44.723150120201126
1053,108D_05781_131313,2016-09-20,48.4605,32.163,-169.7374,13.976,2.3296,33.8776,879321.4056,2:46:21.758412,A,D,47.66615499653013,-30.76212916019133,48.13340933515475
1054,109D_04925_131313,2016-09-08,25.6893,40.7211,-169.934,13.9487,2.3296,33.7648,880227.6053,4:22:43.510590,A,D,6.0221807189816206,-24.30715129373364,-19.45383133396907
1055,109D_05155_171613,2016-09-08,25.1685,38.4589,-169.8978,13.9559,2.3296,33.8469,880225.2757,4:23:21.168381,A,D,44.52024843162023,14.240119847852123,50.61601730220047
1059,111A_03775_131006,2019-05-08,157.9297,51.9741,-10.1599,13.9268,2.3296,39.3748,881230.4818,7:16:13.552883,A,A,0.0,-36.398006464757295,59.81964864686258
1063,112A_05300_030808,2019-05-14,136.9661,37.0119,-10.1285,13.9642,2.3296,39.5232,879088.675,8:50:07.427501,B,A,23.919445986319467,-8.231896927385831,56.1955190685125
1064,112A_05454_131213,2017-10-27,137.3081,35.4373,-10.172,13.9681,2.3296,39.5527,879088.675,8:49:35.822585,B,A,40.06307076171164,-6.184199821242472,26.538139519567906
1065,112A_09051_071616,2020-10-23,119.9949,-0.4226,-11.9978,14.0482,2.3296,39.595,878246.2055,10:18:45.316391,B,A,38.193980039198074,8.595526577698413,88.97149795254558
1099,114A_05193_131313,2016-09-08,87.3648,38.0643,-10.0998,13.9735,2.3296,33.7906,879257.8419,12:08:23.921293,A,A,0.0,-2.806041508885501,19.555884199885956
1100,114A_05391_131313,2016-09-08,87.8493,36.0767,-10.1208,13.9774,2.3296,33.8279,879257.8419,12:07:50.824782,A,A,0.0,-29.968139871711465,34.164984649976624
1101,114A_05591_131313,2016-09-08,88.2832,34.0867,-10.1777,13.9813,2.3296,33.8635,879257.8419,12:07:17.729297,A,A,0.0,4.411452939008981,10.978887553070672
1102,114A_05790_131313,2016-09-08,88.717,32.0942,-10.239,13.9893,2.3296,33.9294,879257.8419,12:06:44.628674,A,A,0.0,180.9116059923256,49.691492566517304
1103,114A_05990_131313,2016-09-08,89.1297,30.1021,-10.315,13.9919,2.3296,33.9609,879257.8419,12:06:11.533190,A,A,0.0,19.0063142194043,60.68497571816824
1104,114A_06191_131313,2016-09-08,89.5369,28.0998,-10.3983,13.9913,2.3296,33.9913,879257.8419,12:05:38.429484,A,A,20.218157159705182,24.157278115893867,73.03769493911877
1105,114A_06391_131313,2020-03-15,89.9185,26.1033,-10.4951,13.9934,2.3296,39.7025,879215.7433,12:05:21.612118,A,A,14.457727770986253,33.48117294955329,97.46714694342961
1109,114D_07092_131313,2017-03-07,-102.3355,19.0622,-169.1704,14.0103,2.3296,33.9337,878074.9235,12:42:22.763527,A,D,0.0,-3.0200257081912354,5.280603229471967
1113,115A_05210_131313,2016-09-20,62.6792,37.9034,-10.126,13.9653,2.3296,33.7626,879027.2152,13:47:06.523042,A,A,0.0,0.44812734927797654,30.236414252283694
1114,115A_05409_131313,2016-09-20,63.1363,35.9146,-10.1636,13.9708,2.3296,33.8001,879027.2152,13:46:33.421392,A,A,0.0,-6.893765468671544,8.692646585162615
1117,115A_06007_131313,2016-09-20,64.4232,29.9368,-10.3501,13.9851,2.3296,33.9322,879027.2152,13:44:54.114382,A,A,0.0,12.175076550295161,27.948195432304715
1118,115A_06206_131313,2016-09-20,64.8388,27.9433,-10.4266,13.9893,2.3296,33.9615,879027.2152,13:44:21.020954,A,A,0.0,11.830272761140103,54.282761732368954
1119,115A_06395_111113,2016-09-20,65.2308,26.0295,-10.5067,13.9919,2.3296,33.9896,879027.2152,13:43:49.292415,A,A,0.0,20.847873302067725,68.30480231056468
1124,115D_04999_131313,2017-03-07,-122.606,39.9857,-169.927,13.9538,2.3296,33.7133,879618.4248,14:15:20.088466,A,D,66.07407839310686,1.580073500515289,-7.471837146721368
1125,116A_04861_050200,2016-09-08,36.7134,41.5036,-10.3687,13.9556,2.3296,33.6996,852542.7577,15:26:51.486498,A,A,-220.90364321007397,-36.84736188690717,44.593640784962446
1126,116A_04961_171411,2020-06-13,37.4053,40.5649,-10.0654,13.9617,2.3296,39.5131,879886.0507,15:26:13.311385,B,A,38.16903688470916,24.494282355732402,43.07595624392851
1127,116A_05167_121313,2016-09-08,37.9173,38.3317,-10.1046,13.9629,2.3296,33.7806,879319.9081,15:25:57.754256,A,A,25.11193863206038,47.65387865499504,68.10457777231362
1128,116A_05582_141515,2016-09-08,38.8261,34.1846,-10.2125,13.9741,2.3296,33.8915,879319.9081,15:24:48.802676,A,A,27.288401513361155,30.607569785235707,38.31406431129719
1131,116A_07783_141305,2019-05-02,43.3412,12.1632,-11.1999,14.0248,2.3296,39.6981,878036.0456,15:18:13.502142,B,A,10.122792769257156,7.737213556807151,-23.495476049298723
1135,117A_04827_031113,2016-09-08,12.5137,41.4093,-10.0628,13.9543,2.3296,33.834,880144.7394,17:05:33.544589,A,A,-10.544641433089447,42.56118333549493,-34.013249707364366
1139,118A_02381_080510,2020-06-01,-20.3612,66.2785,-12.0433,13.9002,2.3296,39.0896,881678.1496,18:50:52.478747,B,A,34.155434870872696,-7.008029234550599,46.77771399280143
1143,118D_12767_121313,2020-07-25,144.9161,-37.6932,-163.463,14.0681,2.3296,38.6845,882783.1349,19:33:31.541748,A,D,0.0,-61.77609031457099,55.916057006894356
1146,119D_05372_141313,2017-03-07,137.8241,36.266,-169.8444,13.9628,2.3296,33.7726,879111.7451,20:51:20.050486,A,D,-14.695080655792575,3.172915850486144,12.661384806598964
1147,119D_05525_040809,2017-09-03,137.4363,34.6058,-169.8143,13.9697,2.3296,39.5939,879115.2394,20:51:56.477003,A,D,6.064289688222576,1.7505093302121155,-9.141594006861155
1170,121D_05072_131313,2019-06-20,89.0597,39.2611,-169.9534,13.9555,2.3296,39.6623,881157.8252,0:07:34.994093,B,D,70.28446271161208,-75.55616985828345,109.05850405950972
1173,121D_05668_131313,2016-09-21,87.7384,33.2889,-169.8001,13.9773,2.3296,33.8415,879198.9373,0:09:42.571865,A,D,9.190360683384,-9.275819481410144,42.22680140986439
1174,121D_05867_131313,2016-09-21,87.3122,31.2961,-169.7331,13.9851,2.3296,33.9096,879201.2668,0:10:15.673516,A,D,-17.048732818669095,-28.01000795256117,42.38902835653021
1176,121D_06267_131313,2016-09-21,86.5066,27.3027,-169.5649,13.9932,2.3296,33.97,879198.9373,0:11:21.867568,A,D,35.31310926962128,-29.42269970991776,33.81031499630864
1184,122D_04974_131313,2016-09-09,64.6791,40.2317,-169.9179,13.9541,2.3296,33.6534,879026.5497,1:46:31.077262,A,D,0.0,-14.973219906976714,62.067774213794856
1185,122D_05173_131313,2016-09-09,64.2199,38.2434,-169.8866,13.9576,2.3296,33.694,879026.5497,1:47:04.177885,A,D,0.0,-10.09702171338322,61.970649473347464
1186,122D_05372_131313,2016-09-09,63.7714,36.2566,-169.8449,13.9613,2.3296,33.7332,879026.5497,1:47:37.274396,A,D,0.0,-36.79220401110027,50.124582044471396
1188,122D_05771_131313,2016-09-09,62.8838,32.2716,-169.7421,13.9764,2.3296,33.8419,879026.5497,1:48:43.467420,A,D,0.0,-17.19135184537684,42.108790698405706
1189,122D_05971_131313,2016-09-09,62.4727,30.2786,-169.6667,13.9773,2.3296,33.8746,879026.5497,1:49:16.563932,A,D,0.0,-16.872512086206928,38.960982545169934
1190,122D_06170_131313,2016-09-09,62.0558,28.2858,-169.5914,13.9848,2.3296,33.9341,879027.7145,1:49:49.654278,A,D,0.0,-25.203351351123437,42.92399912965582
1191,122D_06369_131313,2016-09-09,61.6428,26.3238,-169.5146,13.9896,2.3296,33.9607,879027.7145,1:50:22.743595,A,D,0.0,-21.394324862081902,20.995584907142558
1193,122D_06480_030202,2016-09-09,61.4236,25.3268,-169.4769,13.9911,2.3296,33.9835,879026.5497,1:50:40.661879,A,D,0.0,7.1741768258998055,65.74344385965277
1198,123D_04534_131313,2016-09-09,41.0477,44.6406,-169.948,13.94,2.3296,33.5898,879671.6719,3:24:02.281387,A,D,35.854169802325025,-31.36763657935131,-4.1021348795921515
1199,123D_04674_090603,2016-09-09,40.6121,42.9833,-169.9655,13.9497,2.3296,33.6759,879671.6719,3:24:29.855648,A,D,51.265729257615774,-20.215615655260752,21.98603289276736
1201,123D_05095_141313,2016-09-09,39.683,39.0383,-169.9208,13.9579,2.3296,33.7586,879671.6719,3:25:35.595421,A,D,746.1873035688988,-199.73759822638954,1.6923260021757367
1202,123D_05293_121313,2016-09-09,39.252,37.044,-169.8677,13.9602,2.3296,33.7986,879671.6719,3:26:08.755655,A,D,48.282724766282314,-37.452419672195035,24.50948805554133
1212,124D_04017_131313,2016-09-09,17.6989,49.8025,-169.8837,13.927,2.3296,33.5236,880393.0042,5:01:20.658065,A,D,44.428482245891566,-22.51534007903151,43.48556856742432
1214,124D_04414_131313,2016-09-09,16.6505,45.8389,-169.9503,13.9373,2.3296,33.6562,880393.0042,5:02:26.860339,A,D,31.885134707332277,-26.67752090941757,48.38246491682584
1215,124D_04599_131308,2016-09-09,16.1587,43.8825,-169.9576,13.9411,2.3296,33.6999,880393.0042,5:02:59.475851,A,D,37.86699352784385,54.226734240870066,95.27571402970149
1216,124D_04854_171313,2016-09-09,15.6169,41.5937,-169.9381,13.948,2.3296,33.7854,880391.8394,5:03:37.608476,A,D,0.5008862804521019,111.04966916932244,99.7558734339903
1218,124D_05291_081406,2016-09-09,14.5166,36.8408,-169.8638,13.9596,2.3296,33.9071,880391.8394,5:04:56.714505,A,D,24.37275379719837,-39.88070254994037,17.784844059476857
1222,125A_13317_141516,2019-12-29,171.5033,-43.2883,-18.0189,14.0666,2.3296,38.7351,885963.5456,7:30:19.613196,B,A,37.94664617362685,42.215775433301296,-108.68694238621767
1227,127A_09749_121312,2019-05-03,111.2442,-7.4818,-12.5318,14.0554,2.3296,39.4802,878657.3732,10:57:42.772715,B,A,13.840929523335017,-34.46055743781142,26.269002288192564
1230,127D_10619_131313,2017-03-02,-70.8332,-16.2008,-166.6645,14.0716,2.3296,33.6355,879701.3498,10:15:04.419712,B,D,-398.8508071486946,-5.48359381208324,-61.50532134157803
1232,128A_04973_131313,2016-09-09,101.2359,40.2697,-10.077,13.9608,2.3296,33.6438,878719.5467,11:11:24.709414,A,A,0.0,-20.680924010839647,32.26968029593887
1233,128A_05172_131313,2016-09-09,101.6999,38.2831,-10.1051,13.9677,2.3296,33.6839,878719.5467,11:10:51.606734,A,A,0.0,-20.56385999718443,39.1451802312568
1237,128A_05969_131313,2016-09-09,103.4422,30.3169,-10.3289,13.9877,2.3296,33.8898,878719.5467,11:08:39.222742,A,A,43.58332563046644,-9.468300046760346,48.959596689091676
1248,128D_09016_110500,2017-03-08,-91.2565,-0.1154,-168.0465,14.0434,2.3296,33.8573,851154.1723,11:50:02.954691,A,D,35.193345743151944,-32.57221998632868,5.715174373682541
1253,129A_05337_131313,2016-09-09,77.4346,36.6394,-10.1106,13.9741,2.3296,33.795,879257.8419,12:49:08.888093,A,A,0.0,4.851563855882631,41.98310553472737
1254,129A_05535_131313,2016-09-09,77.8713,34.6528,-10.1637,13.9811,2.3296,33.8677,879257.8419,12:48:35.790554,A,A,0.0,15.96114164241651,54.34117416659566
1256,129A_05935_131313,2016-09-09,78.6828,30.6617,-10.3175,13.9809,2.3296,33.9332,879257.8419,12:47:29.598557,A,A,0.0,-1.9614694326590056,51.03243712322266
1260,129D_05647_131313,2017-03-08,-109.6488,33.5178,-169.7768,13.9737,2.3296,33.8464,879205.4267,13:19:31.657670,A,D,0.0,17.01344541272493,-63.2623266733787
1264,130A_04565_161616,2019-11-29,50.8547,44.3456,-10.0717,13.9467,2.3296,39.3157,878926.7113,14:30:20.898895,A,A,0.0,-1.2879252899058657,53.788166872170336
1265,130A_05394_131213,2019-11-29,52.8279,36.0651,-10.1534,13.9707,2.3296,39.5056,878926.7113,14:28:02.958734,A,A,0.0,9.377660943910174,-41.204898696374585
1266,130A_05590_131313,2019-11-29,53.2555,34.1029,-10.208,13.9764,2.3296,39.5457,878926.7113,14:27:30.341167,A,A,0.0,12.388031464260962,40.37428403125997
1269,130A_06188_131313,2016-09-09,54.5193,28.1229,-10.4185,13.9897,2.3296,33.985,879063.1571,14:25:32.154505,A,A,0.0,23.488696871397078,-14.207115692860418
1271,130A_06402_151514,2016-09-09,54.9457,25.9854,-10.5127,13.9934,2.3296,34.0113,879063.1571,14:24:56.720826,A,A,0.0,25.894191389536346,-12.809248820549891
1273,130A_09212_131313,2019-05-09,36.0283,-2.1163,-12.1221,14.0521,2.3296,39.5879,878399.0655,15:56:07.237833,A,A,0.0,6.006987159231284,-90.9031048356429
1274,130A_09412_131313,2019-05-09,36.4582,-4.1143,-12.2711,14.0543,2.3296,39.5474,878399.0655,15:55:34.137209,A,A,0.0,13.784246804791614,-87.8735735856803
1285,131D_03002_121313,2017-05-31,-151.8946,59.2935,-169.0693,13.906,2.3296,33.5216,882381.1191,16:29:43.435810,A,D,0.0,-2.3291117086437234,-47.821996078886606
1288,132A_04801_121009,2019-06-20,2.1438,41.893,-10.037,13.9516,2.3296,39.5515,880624.0227,17:46:22.348331,B,A,0.5040882104907547,-33.64512791253832,86.82244959362129
1295,134D_04757_131313,2017-08-29,128.9319,42.4108,-169.9427,13.9468,2.3296,33.747,880144.7985,21:30:12.960091,B,D,6.5449548582660615,5.294422712402792,-25.961255517480136
1298,134D_07892_131210,2017-03-08,122.354,11.0443,-168.7322,14.0227,2.3296,33.9428,877687.2179,21:39:26.788336,A,D,61.870961301756445,-17.347029470717533,-21.944678266522438
1301,134D_08966_081302,2020-08-07,120.1411,0.3575,-168.0577,14.0425,2.3296,39.6077,877952.788,21:42:50.390504,A,D,33.96175079700377,2.7840951607665594,6.672569869214883
1317,135D_05819_131313,2016-09-21,101.8372,31.7891,-169.7374,13.9797,2.3296,33.8605,879014.9018,23:12:31.445037,A,D,-36.27827181294663,-4.053797439749736,96.22300384996093
1318,135D_06019_131313,2016-09-21,101.4199,29.7959,-169.6638,13.9836,2.3296,33.8936,879014.9018,23:13:04.541549,A,D,9.824209271101996,12.73547830677243,43.1828734232238
1320,135D_06418_131313,2016-09-21,100.6226,25.804,-169.4886,13.9922,2.3296,33.9806,879014.9018,23:14:10.742796,A,D,0.0,5.124269426330839,46.76163012348546
1322,135D_08570_121708,2017-03-08,96.2383,4.0337,-168.3058,14.0375,2.3296,33.8927,877779.5684,23:20:07.415215,A,D,26.271014365155576,-10.936655714864235,22.630378427562754
1332,136D_05250_131414,2016-09-22,78.4054,37.4767,-169.8947,13.9628,2.3296,33.7797,879408.7642,0:49:41.553199,A,D,19.96440031091998,-28.174537682996206,39.92099850082324
1336,136D_05854_131313,2016-09-22,77.0889,31.4418,-169.7224,13.9817,2.3296,33.9234,879409.929,0:51:21.756431,A,D,64.90800125598079,-19.910893283074497,19.317072640145874
1337,136D_06053_131313,2016-09-22,76.6919,29.4466,-169.6376,13.9801,2.3296,33.9548,879409.929,0:51:54.856025,A,D,-66.86003275670205,82.52281791118598,79.02766843017136
1338,137A_03844_131313,2019-05-04,-123.8119,51.5648,-10.1653,13.932,2.3296,39.2515,879799.8569,2:02:44.105546,B,A,13.509505417191916,-15.722443926224111,13.509505417191914
1339,137A_04036_121213,2019-05-04,-123.2581,49.5847,-10.1027,13.9352,2.3296,39.301,879799.8569,2:02:11.008006,B,A,-1.1442495591001578,-11.21256354241248,-1.1442495591001578
1340,137A_04234_141413,2019-05-04,-122.7414,47.6862,-10.0583,13.9387,2.3296,39.3483,879799.8569,2:01:39.285634,B,A,-83.30478998497482,52.83542710830086,-83.30478998497482
1341,137A_04439_131313,2019-05-04,-122.2041,45.6204,-10.0334,13.9469,2.3296,39.3992,879799.8569,2:01:04.806760,B,A,-44.54549503561117,1.3948604928252673,71.89269076166201
1343,137A_04835_131313,2019-05-04,-121.2301,41.6497,-10.0409,13.9548,2.3296,39.4945,879801.0217,1:59:58.608596,B,A,5.554204868688205,-6.546222356621055,8.253688968933758
1344,137A_05034_131313,2019-05-04,-120.7707,39.6612,-10.0701,13.9612,2.3296,39.5401,879801.0217,1:59:25.512085,B,A,-6.165583911268135,-3.81458180925758,13.889432312158647
1347,137D_04960_131313,2018-12-29,54.4247,40.3854,-169.9205,13.9513,2.3296,39.4206,879060.1618,2:27:48.640185,A,D,0.0,-25.378955236142573,35.8653521518754
1349,137D_05365_151309,2020-04-10,53.5137,36.4678,-169.8612,13.9631,2.3296,39.5114,879061.3266,2:28:58.991568,A,D,0.0,-17.40773421180223,44.475913948599455
1350,137D_05562_131313,2016-12-03,53.0511,34.3658,-169.8045,13.968,2.3296,33.7971,879232.8823,2:29:17.367881,A,D,0.0,-22.991118085865615,43.822707793048146
1351,137D_05761_131313,2016-09-22,52.6213,32.3736,-169.7432,13.9708,2.3296,33.8355,879232.8823,2:29:50.923541,A,D,0.0,-39.30375733229267,24.1039626682461
1352,137D_05960_131313,2016-09-22,52.2064,30.3816,-169.6706,13.9802,2.3296,33.9018,879232.8823,2:30:24.021080,A,D,0.0,-23.15415220746945,36.442641201289156
1353,137D_06141_131108,2016-09-22,51.7991,28.4666,-169.6013,13.9843,2.3296,33.932,879234.0471,2:30:55.737286,A,D,0.0,-35.27431400222209,39.693423050236575
1373,141A_04773_020709,2019-05-16,139.8251,42.4398,-10.0451,13.9506,2.3296,39.4415,879505.6666,8:35:10.483283,B,A,154.71537749504665,-41.14856667974013,27.231600738254688
1375,141A_05118_131311,2019-05-04,140.6759,38.7683,-10.0961,13.9627,2.3296,39.5252,879505.6666,8:34:08.862680,B,A,-5.431881499575307,-33.94014226800119,61.19955224292587
1385,142A_07411_111313,2019-05-04,120.7482,15.9469,-10.9923,14.017,2.3296,39.6548,877663.3157,10:06:34.812942,B,A,29.717694275494924,5.988642078650401,23.546971893876968
1386,142A_07606_131313,2019-05-04,121.1491,13.948,-11.1007,14.0231,2.3296,39.6583,877663.3157,10:06:01.718485,B,A,-33.0987134785178,0.40676886126020506,-32.28903628216274
1393,142D_08746_141313,2017-03-03,-76.8752,2.5376,-168.2062,14.0443,2.3296,33.869,877814.0717,10:51:02.037467,B,D,-22.153366797621874,-51.78249823033303,20.896808888171154
1399,143A_04999_131313,2016-09-10,91.0231,40.0077,-10.0724,13.9596,2.3296,33.6546,878890.1039,11:52:28.993059,A,A,0.0,0.06655952288068835,36.82918867765338
1400,143A_05218_171611,2016-09-10,91.5512,37.7446,-10.1057,13.9742,2.3296,33.7338,878890.1039,11:51:51.280795,A,A,0.0,2.0546701518881845,51.84759172382565
1402,143A_05452_131313,2016-09-10,92.0861,35.4817,-10.1417,13.9779,2.3296,33.7712,878890.1039,11:51:13.628142,A,A,0.0,-5.856670501861611,45.46973402570027
1403,143A_05651_131313,2016-09-10,92.5212,33.4909,-10.1989,13.9841,2.3296,33.8409,878890.1039,11:50:40.534713,A,A,0.0,-25.552143318167847,-38.6349710657644
1405,143A_06050_131313,2016-09-10,93.3505,29.5062,-10.3465,13.9926,2.3296,33.9076,878890.1039,11:49:34.336550,A,A,0.0,10.511749703881316,78.24252075080167
1408,143A_06650_131313,2016-09-22,94.5275,23.5082,-10.6238,14.0012,2.3296,33.8833,877986.2338,11:47:55.475014,A,A,-118.54282017842586,51.71046712352281,-34.66650861998132
1417,144A_05070_131313,2016-09-22,66.4776,39.2986,-10.0993,13.9584,2.3296,33.6802,878941.0214,13:31:02.368770,A,A,0.0,-4.4216911544559725,53.9401495746287
1419,144A_05476_141414,2016-09-22,67.3985,35.2405,-10.1813,13.9744,2.3296,33.7961,878941.0214,13:29:54.793384,A,A,0.0,0.5873627307262763,51.97956839691764
1420,144A_05684_131313,2016-09-22,67.8689,33.1644,-10.2303,13.981,2.3296,33.8651,878941.0214,13:29:20.317594,A,A,0.0,-2.444293651184954,49.789383336564256
1427,144D_05102_121313,2017-03-09,-118.7319,38.9509,-169.9119,13.9601,2.3296,33.7562,879496.1228,13:59:09.961290,A,D,46.76141860879457,5.826765471219938,31.75201748012831
1428,144D_05298_131313,2017-03-21,-119.1751,36.9909,-169.8714,13.964,2.3296,33.799,879497.2876,13:59:42.803705,A,D,49.27411600586727,-61.714841926186466,2.8284680423647677
1430,145A_04550_131313,2016-09-10,40.6185,44.3084,-10.044,13.9488,2.3296,33.6378,879358.5122,15:11:10.015723,A,A,18.14759428737245,1.895221377826545,40.157478567154435
1431,145A_04722_031313,2016-09-10,41.0453,42.5136,-10.0565,13.9526,2.3296,33.6806,879358.5122,15:10:40.081684,A,A,-20.56400275398672,-5.568735095399555,30.481071125325318
1433,145A_05152_131313,2016-09-10,42.006,38.4854,-10.0956,13.9646,2.3296,33.8018,879358.5122,15:09:32.992438,A,A,-8.464442330364353,30.31423823054018,15.30769828474335
1434,145A_05351_131313,2016-09-10,42.44,36.4954,-10.1468,13.9682,2.3296,33.8394,879358.5122,15:08:59.887703,A,A,-3.199867055002587,15.530441042268562,31.655598528003566
1435,145A_05550_131313,2016-09-10,42.8694,34.5037,-10.2044,13.9719,2.3296,33.8774,879358.5122,15:08:26.792220,A,A,-14.935914760927796,21.8322475623837,41.492481311843775
1436,145A_05749_131313,2016-09-10,43.3019,32.5111,-10.2636,13.9757,2.3296,33.9152,879358.5122,15:07:53.693652,A,A,-17.589344591085332,22.598782408523356,36.82526755066125
1437,145A_05949_131313,2016-09-10,43.546,31.4325,-10.2926,13.9757,2.3296,33.9152,879358.5122,15:07:35.767146,A,A,6.716332428539679,27.61569375928271,-20.102809344595393
1444,146D_12613_231107,2019-11-30,174.0005,-37.2499,-163.6454,14.0677,2.3296,38.9692,885435.3415,17:38:08.501375,A,D,48.247114600172026,-41.311520538743345,109.44551476476258
1447,146D_13495_001212,2019-11-30,170.048,-44.9377,-161.0924,14.0711,2.3296,40.6705,908196.3293,17:40:21.374590,A,D,23.96210505019748,-25.235280052363027,62.66199762611436
1451,147A_02488_131211,2017-04-02,-15.6082,65.047,-11.7187,13.9016,2.3296,39.1703,882341.683,18:34:23.858905,A,A,-78.3405230381008,5.048028888502372,-18.29354690658356
1461,149A_11032_131313,2019-05-04,-68.7358,-20.3236,-13.7751,14.0689,2.3296,39.1918,880080.5691,23:06:29.844585,B,A,28.396392426262874,32.788455417565245,65.51895395462577
1463,149A_11428_131313,2019-05-04,-67.6537,-24.2876,-14.2668,14.0753,2.3296,39.0304,880080.5691,23:05:23.647450,B,A,21.82614711673137,6.885299075637705,26.43833639461238
1478,150D_05704_131313,2016-09-22,91.7874,32.9411,-169.783,13.9777,2.3296,33.802,878914.0651,23:53:21.016297,A,D,48.41578111341447,-13.103187169123307,27.976445371448186
1479,150D_05903_131313,2016-09-22,91.3605,30.9487,-169.7161,13.9849,2.3296,33.8702,878915.2299,23:53:54.111781,A,D,68.98100351211556,-17.387415276682162,28.560756506529664
1481,150D_06303_131313,2016-09-10,90.5662,26.9538,-169.5421,13.9912,2.3296,33.8351,878075.4227,23:54:59.858222,A,D,70.08054321895264,-20.71405774055232,16.80693536105854
1483,150D_06703_131313,2016-09-10,89.7848,22.9558,-169.3515,13.9954,2.3296,33.8863,878075.4227,23:56:06.062551,A,D,90.2577762385974,-33.38543598908375,20.733238799642685
1484,150D_06725_151616,2020-10-31,89.7252,22.7081,-169.3451,13.9944,2.3296,39.7335,878942.1862,23:56:36.051501,A,D,95.95214257284121,14.210877960546407,31.34505858320775
1489,151D_05241_131313,2016-09-11,68.1656,37.5683,-169.8827,13.9633,2.3296,33.7081,879111.5787,1:30:48.155427,A,D,0.0,-16.246018267703622,29.411957190082354
1490,151D_05440_131313,2016-09-11,67.7146,35.5781,-169.8396,13.9668,2.3296,33.7854,879111.5787,1:31:21.251939,A,D,0.0,-13.38109387366703,44.239559274613185
1492,151D_05838_131313,2016-09-11,66.8544,31.5953,-169.7186,13.9767,2.3296,33.8565,879112.7435,1:32:27.445991,A,D,0.0,-23.93143595058576,16.151312497119477
1493,151D_06038_131313,2016-09-11,66.4309,29.5989,-169.648,13.9829,2.3296,33.9204,879112.7435,1:33:00.539420,A,D,0.0,-35.61434963941758,1.757859809515813
1494,151D_06237_131313,2016-09-11,66.0341,27.6046,-169.5614,13.9867,2.3296,33.9492,879111.5787,1:33:33.637987,A,D,0.0,-22.491952667071942,50.84538495100617
1495,151D_06412_110910,2016-09-11,65.6685,25.8337,-169.4879,13.9899,2.3296,33.9757,879111.5787,1:34:03.015998,A,D,0.0,-35.72709164016942,28.83357088982427
1498,152D_04762_131313,2016-09-11,44.5811,42.3602,-169.9583,13.9452,2.3296,33.7081,880063.2047,3:08:12.981746,A,D,61.57045605517928,-10.115329031993737,46.58824951458708
1501,152D_05159_131313,2016-09-11,43.6537,38.3889,-169.9058,13.9591,2.3296,33.8321,880063.2047,3:09:19.178882,A,D,42.7316075933652,-2.4537708669727265,64.08706797651904
1502,152D_05358_131313,2016-09-11,43.2021,36.3954,-169.8644,13.9639,2.3296,33.8713,880063.2047,3:09:52.276420,A,D,65.37934346022699,-39.1092961777865,36.23746412796998
1503,152D_05558_131313,2016-09-11,42.7787,34.4037,-169.8025,13.9678,2.3296,33.9453,880063.2047,3:10:25.373961,A,D,61.70380784797721,-33.477870588261204,37.016325418145584
1504,152D_05757_131313,2016-09-11,42.3501,32.4122,-169.7407,13.9715,2.3296,33.98,880063.2047,3:10:58.469445,A,D,80.55024923875956,-34.992730075068295,10.999070605340343
1506,152D_07515_131313,2016-12-16,38.7742,14.8318,-168.9458,14.0146,2.3296,33.8964,877716.3374,3:15:49.375794,A,D,0.0,-11.421572642108519,-9.71863311071079
1507,152D_07715_131313,2016-12-16,38.3511,12.831,-168.8398,14.0219,2.3296,33.8995,877716.3374,3:16:22.475389,A,D,0.0,-19.064670502225614,-5.764976542681426
1508,152D_07915_131313,2016-12-16,37.9387,10.8338,-168.7266,14.0278,2.3296,33.8956,877715.1726,3:16:55.571901,A,D,0.0,-33.3678870978147,14.295471829086646
1509,152D_08115_131313,2016-12-16,37.543,8.8328,-168.6064,14.0307,2.3296,33.8887,877716.3374,3:17:28.673552,A,D,0.0,-25.958096689410066,7.973227972129701
1510,152D_08315_131313,2016-12-16,37.1454,6.8337,-168.4829,14.0344,2.3296,33.8784,877716.3374,3:18:01.773147,A,D,0.0,-36.83696609943474,1.2568062965521467
1511,152D_08715_131313,2016-12-04,36.3164,2.8336,-168.2255,14.0387,2.3296,33.9532,878409.3821,3:19:08.476302,A,D,-243.04768471816016,56.200556872512216,71.66198200308818
1512,152D_08884_060600,2020-07-22,36.3148,1.1565,-168.1168,14.043,2.3296,36.983,851564.5671,3:19:15.504207,B,D,4.690390741048675,-20.837044340816938,33.731603919665986
1515,152D_09315_131313,2016-12-04,35.0469,-3.1609,-167.8034,14.0494,2.3296,33.8385,878409.3821,3:20:47.764811,A,D,46.071237579822906,-173.0443012325606,-8.67078800969718
1516,152D_09913_131313,2017-02-14,33.7204,-9.1506,-167.3281,14.0574,2.3296,33.6734,878452.9782,3:22:23.794236,A,D,-17.52015725783534,-48.60657793752201,71.97631597303474
1522,153D_04498_131313,2016-09-11,20.5443,44.9956,-169.96,13.9387,2.3296,33.6596,880311.4695,4:46:13.625002,A,D,26.964114580527387,-14.035266338769624,54.69605774230687
1523,153D_04699_131413,2016-09-11,20.0438,42.9574,-169.9573,13.9469,2.3296,33.7462,880311.4695,4:46:47.616708,A,D,30.349411996557972,-19.708892838158825,57.05652828818665
1528,153D_06939_131313,2017-03-04,15.2441,20.5908,-169.2405,14.0049,2.3296,33.8733,877835.0378,4:52:13.590652,B,D,-18.802369477430823,-8.434503689717854,-18.802369477430815
1534,154A_13050_121723,2019-11-25,174.2182,-40.0401,-17.1321,14.0673,2.3296,38.7592,884546.839,7:14:49.024432,B,A,-23.42651834075235,48.61976760338341,-102.29665541082383
1540,155D_02437_101011,2020-01-12,-21.8682,65.5444,-168.1379,13.8973,2.3296,39.1743,882666.3832,7:57:33.525779,B,D,-74.58190489356734,-54.59606682078955,-33.445661212918694
1543,155D_02579_100800,2020-06-10,-21.836,64.155,-167.8292,13.9001,2.3296,36.5628,855991.8408,7:58:40.649846,A,D,70.57744719366268,29.897179741394787,60.662307496926516
1547,156A_09814_081406,2018-12-30,115.4856,-8.0183,-12.5791,14.0562,2.3296,39.4866,878843.6791,10:41:48.091151,A,A,0.0,-10.624844043202135,59.457323395600035
1556,156D_11622_131313,2017-03-04,-69.4148,-26.2447,-165.4544,14.0764,2.3296,33.4678,881842.2173,10:01:24.698922,B,D,-74.92750442015492,-166.2561544114333,-9.587404290593632
1567,157A_05082_131313,2016-09-11,105.6166,39.1799,-10.0843,13.9637,2.3296,33.7511,879268.3249,10:54:39.245275,A,A,0.0,-6.858992614249846,67.82064103146857
1568,157A_05281_131313,2016-09-11,106.0659,37.1912,-10.1246,13.9681,2.3296,33.7919,879268.3249,10:54:06.143625,A,A,0.0,-18.592710181583616,47.840327582077904
1569,157A_05481_131313,2016-09-11,106.5052,35.2008,-10.1748,13.9715,2.3296,33.833,879268.3249,10:53:33.040946,A,A,0.0,-29.224385390928525,62.7263852770387
1570,157A_05680_131313,2019-06-04,106.9309,33.2052,-10.2354,13.9762,2.3296,39.5473,878691.5919,10:53:12.677752,A,A,0.0,-0.0820907386243586,94.70920634641168
1576,157D_07909_131307,2017-03-10,-85.4599,10.8262,-168.7214,14.0228,2.3296,33.9101,877663.9223,11:30:35.643714,A,D,0.0,-22.124369915735326,-75.82235205820068
1585,158A_05451_131313,2016-09-11,81.7885,35.4947,-10.1478,13.9786,2.3296,33.8299,879201.9324,12:32:22.517410,A,A,0.0,12.18753760277002,26.454615585149938
1586,158A_05650_131313,2016-09-11,82.2403,33.5061,-10.1946,13.9825,2.3296,33.8652,879201.9324,12:31:49.426037,A,A,0.0,10.35292346235482,53.19424819640684
1587,158A_05849_131313,2016-09-11,82.6656,31.5138,-10.2617,13.9885,2.3296,33.9301,879201.9324,12:31:16.327470,A,A,0.0,18.53559412316546,57.27140159614702
1589,158A_06249_131313,2016-09-11,83.4381,27.5192,-10.4446,13.9883,2.3296,33.988,879201.9324,12:30:10.127252,A,A,0.0,28.33045400876746,84.35275774121277
1591,158D_05548_131313,2017-03-10,-105.3105,34.498,-169.7999,13.9686,2.3296,33.7338,878684.7696,13:02:47.994612,A,D,0.0,-37.1885383389768,106.31825786149157
1592,159A_04395_131313,2019-12-25,54.5518,46.0422,-10.0729,13.9417,2.3296,39.2857,879067.1505,14:14:20.808346,A,A,0.0,2.4137874284334546,-6.919925319903366
1593,159A_04594_131313,2019-12-25,55.0517,44.0579,-10.0634,13.9492,2.3296,39.3344,879067.1505,14:13:47.707723,A,A,0.0,7.416456564888202,-18.088987429725787
1594,159A_04792_131313,2019-12-25,55.5351,42.0722,-10.07,13.9528,2.3296,39.3821,879067.1505,14:13:14.609155,A,A,15.79781205625873,7.985587634643844,58.71492399271617
1596,159A_04992_131313,2016-09-11,56.0042,40.0866,-10.0914,13.9566,2.3296,33.6905,879113.409,14:12:23.697605,A,A,39.55150141339025,0.8056906493219003,44.91126006252384
1597,159A_05190_131313,2016-09-11,56.4684,38.1004,-10.1194,13.9662,2.3296,33.7703,879113.409,14:11:50.596982,A,A,37.39503630541434,8.47297479497374,48.67443959734485
1598,159A_05389_131313,2016-09-11,56.9168,36.1097,-10.1619,13.9688,2.3296,33.8081,879113.409,14:11:17.495331,A,A,40.6051004172284,7.350418196555195,42.06961179009106
1600,159A_05788_131313,2016-09-11,57.7887,32.1295,-10.2734,13.9823,2.3296,33.9109,879113.409,14:10:11.298197,A,A,35.85951045330244,13.937264547221002,48.31731725551922
1601,159A_05987_131313,2016-09-11,58.2174,30.1343,-10.3398,13.9865,2.3296,33.9412,879113.409,14:09:38.200657,A,A,36.67867414946487,9.022942679943505,44.099967901680415
1603,159A_06370_101013,2016-09-11,59.0187,26.2258,-10.4993,13.9912,2.3296,33.9992,879113.409,14:08:33.378688,A,A,41.29974071448666,17.650054085161344,82.60180702046571
1604,159A_06375_101213,2020-04-05,59.0341,26.1407,-10.5014,13.9914,2.3296,39.6671,878770.8561,14:08:06.609659,B,A,48.39037480787326,11.534908522790131,-16.61700778581006
1605,159D_03893_131313,2019-06-10,-125.9923,51.0418,-169.8704,13.9289,2.3296,39.3507,880928.197,14:36:31.718433,B,D,5.62949783705546,-5.1030442824199405,5.62949783705546
1607,160A_04878_040206,2016-09-11,31.0631,41.2888,-10.0602,13.9555,2.3296,33.6867,879170.4833,15:51:28.308361,A,A,-5.712389854264725,8.104319721333185,6.702050365384701
1609,160A_05413_021615,2016-09-11,32.2967,35.7596,-10.1776,13.9697,2.3296,33.8426,879170.4833,15:49:56.301661,A,A,-12.453531265406648,7.61823577889696,114.93146482462521
1610,160A_08155_131313,2016-12-28,37.9307,8.4458,-11.4186,14.0368,2.3296,39.6507,877667.2501,15:42:22.532526,A,A,0.0,-114.66164843036846,107.74975119792934
1616,161A_04594_121313,2016-09-11,5.7247,44.0298,-10.0384,13.9473,2.3296,33.8062,880460.7278,17:30:58.477768,A,A,31.21305095940552,16.86420223023083,25.127514485746794
1618,161A_07111_131313,2020-09-26,11.1171,18.8949,-10.8459,14.0117,2.3296,39.6586,877768.2533,17:24:26.626606,A,A,0.0,1.4110200052682271,45.995880558369954
1620,162A_06192_060402,2019-03-24,-15.4359,28.1988,-10.4139,13.9855,2.3296,39.6302,878610.2236,19:05:29.686777,A,A,28.138043279592065,43.80425427070726,-68.03693160954212
1621,162D_09619_091314,2017-03-10,147.4973,-6.3082,-167.5613,14.0539,2.3296,33.8253,878753.9909,19:49:02.245074,A,D,0.0,101.75343751467281,101.53795752960941
1625,163D_05579_100804,2019-08-03,131.2335,34.355,-169.7936,13.9713,2.3296,39.5521,878662.1396,21:16:52.840057,A,D,3.616557381247018,1.7262760622398947,34.773123847319944
1628,163D_08148_061313,2019-08-03,125.7976,8.701,-168.6202,14.0316,2.3296,39.7418,878414.0412,21:23:58.067017,A,D,102.58886019931,-16.00199095849797,16.86136775194061
1631,163D_08898_091005,2017-03-10,124.431,1.1439,-168.1122,14.0425,2.3296,33.915,878063.4422,21:25:43.311996,A,D,0.0,34.06313184871699,-5.929920751704519
1639,164A_12971_071312,2019-04-11,-72.8479,-39.5371,-17.0116,14.0661,2.3296,38.882,885912.7944,23:42:14.435328,B,A,-46.11015706843341,5.408716395188623,-4.846153105402641
1641,164A_13341_131313,2019-05-05,-71.2329,-43.4018,-18.0221,14.0661,2.3296,38.6937,885912.7944,23:41:09.739000,B,A,-44.77449743317261,-97.95206629996048,-33.74701356637124
1644,164D_05472_131313,2016-09-23,106.7189,35.175,-169.8202,13.97,2.3296,33.7368,878566.2947,22:55:07.837709,A,D,67.28003518339443,10.47240038727429,27.67736825099032
1645,164D_05672_131313,2016-09-23,106.3194,33.2639,-169.7562,13.9746,2.3296,33.777,878566.2947,22:55:39.553915,A,D,0.0,0.21537242710329152,20.80186427037454
1646,164D_05871_131313,2016-09-23,105.8901,31.27,-169.693,13.9773,2.3296,33.8134,878566.2947,22:56:12.653510,A,D,0.0,1.9256596699233341,-4.137715745043824
1647,164D_06070_131313,2016-09-23,105.4723,29.2767,-169.62,13.98,2.3296,33.8457,878566.2947,22:56:45.750022,A,D,25.298959709807335,2.1204281230321174,15.278022949037666
1648,164D_06270_131313,2016-09-23,105.0474,27.2827,-169.5468,13.989,2.3296,33.9039,878566.2947,22:57:18.850645,A,D,36.57019786543081,1.4548445649564758,17.474833789044588
1649,164D_06469_131313,2016-09-23,104.6342,25.2878,-169.4643,13.9928,2.3296,33.9295,878566.2947,22:57:51.952296,A,D,0.0,-10.318608341763767,23.036295259678187
1660,165A_07753_101313,2020-04-23,-86.2956,12.3946,-11.1844,14.0226,2.3296,39.7636,878728.0328,23:57:28.650296,A,A,15.1365962117828,-68.2223876443754,61.782297970909546
1661,165A_07945_001113,2019-05-11,-85.5153,10.4706,-11.2349,14.0112,2.3296,41.8083,901964.2514,23:56:49.911834,A,A,-56.344836222233894,23.79394706938078,50.81070693079516
1666,165D_05462_131313,2016-09-24,82.0178,35.3626,-169.8614,13.974,2.3296,33.7834,879082.9583,0:33:49.364104,A,D,-869.7972704099736,188.03026941286723,58.8632809945777
1668,165D_05860_131313,2016-09-24,81.1702,31.3808,-169.7302,13.9814,2.3296,33.8547,879082.9583,0:34:55.556100,A,D,-8.176474490782258,-23.120715213397713,-7.119833349855309
1669,165D_06060_131313,2016-09-24,80.7656,29.3804,-169.6483,13.9888,2.3296,33.9185,879085.2879,0:35:28.652612,A,D,27.909145678958225,-31.061912458678922,9.191116014776844
1670,165D_06260_131313,2016-09-24,80.4085,27.4906,-169.556,13.9849,2.3296,33.9475,879085.2879,0:35:59.961818,A,D,31.101321732832,-13.518941101919985,21.460290859918576
1671,166A_04690_131313,2019-05-06,-117.4713,43.0962,-10.0363,13.952,2.3296,39.4351,879524.4694,1:43:55.306474,B,A,31.584699068413027,-9.223605463912678,31.584699068413016
1674,166A_05486_131313,2019-05-06,-115.6467,35.1406,-10.1719,13.9731,2.3296,39.6112,879523.3047,1:41:42.906037,B,A,50.83061056466529,-15.969978749708147,50.83061056466531
1675,166A_05685_131313,2019-05-06,-115.2143,33.1489,-10.2302,13.9777,2.3296,39.6501,879523.3047,1:41:09.808497,B,A,150.54367052453503,-40.30825100363163,37.10776893885889
1679,166D_05143_131313,2016-09-24,58.1153,38.5476,-169.8929,13.9542,2.3296,33.6806,879201.2668,2:11:40.887330,A,D,0.0,-39.26582623295444,20.51677556565746
1680,166D_05342_131313,2016-09-24,57.6659,36.5586,-169.8521,13.9641,2.3296,33.7596,879198.9373,2:12:13.991036,A,D,0.0,-40.98118345232608,10.677412136702966
1681,166D_05541_131313,2016-09-24,57.2066,34.5677,-169.8124,13.9673,2.3296,33.797,879198.9373,2:12:47.094742,A,D,0.0,-34.14876134840195,31.935226608981814
1682,166D_05740_131313,2016-09-24,56.7853,32.5749,-169.7466,13.9714,2.3296,33.8329,879198.9373,2:13:20.187143,A,D,0.0,-23.543481189699026,53.46486442498748
1683,166D_05940_131313,2016-09-24,56.3628,30.5853,-169.6784,13.9788,2.3296,33.8994,879198.9373,2:13:53.286738,A,D,0.0,-25.02524792487803,49.016379196959605
1684,166D_06139_131313,2016-09-24,55.9355,28.5883,-169.6081,13.9847,2.3296,33.9297,879198.9373,2:14:26.385305,A,D,0.0,-25.799220313099063,66.47180851386219
1685,166D_06336_131312,2016-09-24,55.547,26.6222,-169.5199,13.9868,2.3296,33.9579,879198.9373,2:14:58.997735,A,D,45.44536365182012,-33.97509717855522,48.72878520667229
1687,167D_05463_111100,2016-09-12,33.1252,35.3592,-169.5844,13.9642,2.3296,33.9212,853531.9896,3:51:17.165914,A,D,1.1191689002027612,134.1701541369246,93.85086351560167
1690,168D_04647_101504,2016-09-12,9.8508,43.3296,-169.9566,13.941,2.3296,33.7934,880908.8357,5:27:50.001576,A,D,27.75160792435705,51.80756379509246,0.5080239953676043
1691,168D_06724_131313,2017-03-05,5.3821,22.7426,-169.3459,13.9973,2.3296,33.9158,878421.921,5:32:46.541857,B,D,76.57010053920844,-49.150153050614556,76.57010053920841
1696,169D_00001_020800,2019-03-19,-17.7881,28.2467,-169.4013,13.985,2.3296,37.0284,852181.069,7:10:12.157370,B,D,17.02984926420094,-24.27372309062156,36.52387938150956
1704,171A_09402_131313,2019-08-28,104.3094,-4.0126,-12.2594,14.0521,2.3296,39.5755,878814.2266,11:24:09.664404,A,A,-20.852425194998588,-31.581526849086348,58.50980167823689
1711,172A_05226_111616,2016-09-12,95.6892,37.6221,-10.1102,13.9683,2.3296,33.7177,878804.5757,11:35:21.892457,A,A,0.0,-17.495590278914438,35.212459407561695
1712,172A_05237_161616,2020-10-21,95.7011,37.6192,-10.1036,13.9737,2.3296,39.4606,878811.8971,11:35:47.541567,A,A,0.0,-13.581807291474256,49.28986780645616
1714,172A_05661_131313,2016-09-12,96.6504,33.3934,-10.2052,13.9829,2.3296,33.8259,878804.5757,11:34:11.551320,A,A,0.0,-18.9753206005039,61.78492565481281
1715,172A_05860_131313,2016-09-12,97.0702,31.3991,-10.2751,13.9885,2.3296,33.8583,878804.5757,11:33:38.451725,A,A,0.0,-54.004872163783865,-20.82418011846672
1716,172A_06060_131313,2016-09-12,97.498,29.4016,-10.3449,13.9895,2.3296,33.9168,878804.5757,11:33:05.351102,A,A,0.0,-17.10482877423925,37.622987652010785
1717,172A_06260_131313,2016-09-12,97.8879,27.4067,-10.436,13.9918,2.3296,33.944,878804.5757,11:32:32.253562,A,A,0.0,-12.817161830848312,47.19904360420762
1718,172A_06459_131313,2016-09-12,98.2735,25.4097,-10.5317,13.9958,2.3296,33.9697,878804.5757,11:31:59.153968,A,A,0.0,1.5891215838436037,113.10141634758759
1721,172D_07281_171518,2020-03-31,-94.4901,17.1159,-169.0697,14.0107,2.3296,39.6626,877729.6492,12:10:19.844942,A,D,-69.5721379142181,2.690137084320086,-98.0843637203508
1722,172D_07378_050406,2020-03-31,-94.6956,16.1167,-169.016,14.0152,2.3296,39.6665,877729.6492,12:10:36.401420,A,D,-20.545056256752826,16.137371873711817,-10.71751487369259
1727,173A_05350_131313,2016-09-12,71.2408,36.5027,-10.1449,13.973,2.3296,33.7479,878950.1733,13:13:47.947717,A,A,0.0,16.27054645951069,57.70915320526535
1728,173A_05550_131313,2016-09-12,71.6947,34.5096,-10.1882,13.9735,2.3296,33.8209,878950.1733,13:13:14.848122,A,A,0.0,18.716048492385248,53.232845811120654
1730,173A_05948_131313,2016-09-12,72.5174,30.5202,-10.3349,13.9806,2.3296,33.8916,878950.1733,13:12:08.647904,A,A,0.0,33.016348497612974,57.30151680476965
1733,173D_05576_131313,2017-05-22,-115.6576,34.2074,-169.7903,13.9685,2.3296,33.7887,879031.2088,13:44:04.366576,A,D,44.39248288647573,-31.496742920146794,-0.029470863419976012
1734,173D_05770_131311,2017-07-09,-116.0755,32.2138,-169.7231,13.9717,2.3296,33.797,878773.7922,13:44:40.249220,A,D,25.574717969524013,-55.28126529861441,-9.373070088989417
1737,174A_05018_131313,2016-09-12,45.8039,39.8264,-10.0784,13.9609,2.3296,33.7033,879027.2152,14:53:27.958905,A,A,20.24103407112752,-3.4377241651424315,-3.9218204227324853
1738,174A_05216_131313,2016-09-12,46.2593,37.8384,-10.1134,13.965,2.3296,33.7431,879027.2152,14:52:54.855198,A,A,55.90590535907381,-10.032039205993494,-34.38929307910261
1740,174A_05798_131313,2016-09-12,47.5097,32.0281,-10.2843,13.9777,2.3296,33.8864,879027.2152,14:51:18.313941,A,A,28.984533209722315,24.322448920738317,23.70088057024315
1742,174A_09133_131313,2019-05-06,29.6754,-1.3121,-12.0617,14.0519,2.3296,39.568,878061.0053,16:20:20.086689,B,A,-611.5899212152182,181.04830493911254,-0.7506159803441356
1746,175A_03997_131313,2016-09-12,18.5587,50.0389,-10.116,13.9326,2.3296,33.6794,880864.5741,16:35:02.842680,A,A,17.216815969251655,18.527010465861586,63.50409629326813
1748,175A_04592_131313,2016-09-12,20.1113,44.0906,-10.037,13.9486,2.3296,33.8555,880864.5741,16:33:23.544922,A,A,10.735086284108013,-38.21264583333836,61.24827797648279
1749,175A_04791_131313,2016-09-12,20.6054,42.1044,-10.0372,13.9507,2.3296,33.8979,880864.5741,16:32:50.448410,A,A,33.30496770267165,-3.540694040612715,25.715707554607164
